formula,material_id,band_gap,formation_energy,energy_above_hull,nsites,volume,density,spacegroup_symbol,spacegroup_number,crystal_system,lattice_a,lattice_b,lattice_c,lattice_alpha,lattice_beta,lattice_gamma,stable_phase_pH2,region_pH2,stable_phase_pH5,region_pH5
Be,mp-87,0.0,0.0,0.0,4,31.796370288803224,1.882614921185406,P6_3/mmc,194,hexagonal,3.574102459999999,3.92001285,2.26946274,90.0,90.0,90.0,Be[+2],Passivation,Be[+2],Passivation
BePd2,mp-13452,0.0,-0.5061120183333321,0.0,3,37.26475217742036,9.885862475818971,I4/mmm,139,tetragonal,2.753825185785283,2.7538247739320503,5.2856500917024265,105.09970884425351,105.09973052956221,90.00000779490429,Be[+2],Passivation,Be[+2],Passivation
BeAu2,mp-12761,0.0,-0.135768288333335,0.0,3,43.01793443597601,15.554127698982748,I4/mmm,139,tetragonal,2.9187034242215346,2.918704445169386,5.455212957255508,105.51647087847647,105.51646191580794,89.9999941411008,Be[+2],Passivation,Be[+2],Passivation
Ta2Be,mp-11278,0.0,-0.15419187822222202,0.0,6,88.79836657783719,13.872037325446222,I4/mcm,140,tetragonal,4.902311804384103,4.911388037693395,4.911388811980095,75.57710452926793,60.061104579435735,60.06111841446162,Be[+2],Passivation,Be[+2],Passivation
BeAu,mp-30365,0.0,-0.136192663750001,0.0,8,102.96324988944377,13.287683257559674,P2_13,198,cubic,4.68699058,4.68699058,4.68699058,90.0,90.0,90.0,Be[+2],Passivation,Be[+2],Passivation
BeNi,mp-1033,0.0,-0.468281252499999,0.0,2,17.313667771141436,6.493584457320203,Pm-3m,221,cubic,2.58699959,2.58699959,2.58699959,90.0,90.0,90.0,Be[+2],Passivation,Be[+2],Passivation
TiBe,mp-11279,0.0,-0.14029816916666601,0.005038837916666,2,25.13476743186745,3.75774727350378,Pm-3m,221,cubic,2.92926249,2.92926249,2.92926249,90.0,90.0,90.0,Be[+2],Passivation,Be[+2],Passivation
BePd,mp-11274,0.0,-0.5927108225000001,0.0,2,22.226847745235183,8.623789119848183,Pm-3m,221,cubic,2.81163727,2.81163727,2.81163727,90.0,90.0,90.0,Be[+2],Passivation,Be[+2],Passivation
BeRh,mp-11276,0.0,-0.607815922499999,0.0,2,21.205361458384303,8.763995066485208,Pm-3m,221,cubic,2.7678883,2.7678883,2.7678883,90.0,90.0,90.0,Be[+2],Passivation,Be[+2],Passivation
BeCu,mp-2323,0.0,-0.1002443075,0.005036342500000001,2,19.08699160858433,6.312450819032411,Pm-3m,221,cubic,2.67246788,2.67246788,2.67246788,90.0,90.0,90.0,Be[+2],Passivation,Be[+2],Passivation
BeCo,mp-2773,0.0,-0.29332581750000003,0.0,2,17.009358018326665,6.633169387216214,Pm-3m,221,cubic,2.57175331,2.57175331,2.57175331,90.0,90.0,90.0,Be[+2],Passivation,Be[+2],Passivation
BePd3,mp-13453,0.0,-0.381979747499999,0.0,8,105.04066054244497,10.379005232335853,Cmcm,63,orthorhombic,2.85436846,5.0282843093192655,7.63248472,90.0,90.0,106.48900549471475,Be[+2],Passivation,Be[+2],Passivation
BeFe3,mp-1227549,0.0,-0.057636483749999,0.046459954374999,4,42.76425937597964,6.855338946283915,Cmmm,65,orthorhombic,2.434128158997418,2.434128158997418,7.35930117,90.0,90.0,101.26089942932524,Be[+2],Passivation,Be[+2],Passivation
CeBeAl3,mp-1226619,0.0,-0.312994214999999,0.024206002115389,5,91.78367762064714,4.162448910446795,I4mm,107,tetragonal,6.078223897509617,6.078223897509617,6.078223897509617,140.0484078297961,140.0484078297961,57.77980561405811,Be[+2],Passivation,Be[+2],Passivation
LiBeB,mp-1018783,0.0,-0.12269270416666701,0.0,6,63.098072418447465,1.408695007411956,P2_1/m,11,monoclinic,3.7038438694586016,2.99866847,5.745226090938941,90.0,98.56630941819171,90.0,Be[+2],Passivation,Be[+2],Passivation
Mg16BeAl12,mp-1185722,0.0,0.033712816724138,0.042867237758621,29,574.6912432088961,2.085228048511314,R3m,160,trigonal,8.987714106702828,8.987714106702828,8.987714087317254,108.67933693146722,108.67933693146722,108.67933768492122,Be[+2],Passivation,Be[+2],Passivation
TmBeCu4,mp-1216565,0.0,-0.194294372499999,0.011387958333336001,6,79.02618565025237,9.080147192690433,R3m,160,trigonal,4.748337756814312,4.748337756814312,4.748337585016393,61.962378177704345,61.962378177704345,61.962378882555775,Be[+2],Passivation,Be[+2],Passivation
Be(B6C)2,mp-1104026,0.0,-0.035376789666666006,0.04111949645834,15,112.1066759794057,2.410905552658939,R-3m,166,trigonal,5.241781170970799,5.241781170970799,5.241781349204963,64.60019878049381,64.60019878049381,64.60020474118514,Be[+2],Passivation,Be[+2],Passivation
ZrBeB,mp-1215258,0.0,-0.583050041388889,0.007066213333334,3,35.273255429969296,5.227705288300939,P-6m2,187,hexagonal,3.413267113092563,3.413267113092563,3.49602313,90.0,90.0,119.999985910329,Be[+2],Passivation,Be[+2],Passivation
YBeCu4,mp-1215968,0.0,-0.1482018675,0.041660030683758,6,85.78589103357753,6.815563404667483,P-6m2,187,hexagonal,5.05941482076465,5.05941482076465,3.869766,90.0,90.0,120.00001073273346,Be[+2],Passivation,Be[+2],Passivation
TbBeCu4,mp-1217587,0.0,-0.15109675861111102,0.044386950705128006,6,86.23356122877878,8.128497591319627,P-6m2,187,hexagonal,5.071454867649913,5.071454867649913,3.871512,90.0,90.0,120.0000113188929,Be[+2],Passivation,Be[+2],Passivation
TaBeB,mp-1217960,0.0,-0.6744396971666651,0.0,3,29.691715479061806,11.22832367597189,P-6m2,187,hexagonal,3.249884255321918,3.24992415197359,3.2461030200000014,89.99999898253381,89.99999784219868,119.99971649805096,Be[+2],Passivation,Be[+2],Passivation
SmBeCu4,mp-1219080,0.0,-0.134561445,0.045895714252135004,6,87.79375711540561,7.822039049339607,P-6m2,187,hexagonal,5.123294212127389,5.123294212127389,3.862197,90.0,90.0,120.00000273929908,Be[+2],Passivation,Be[+2],Passivation
NdBeCu4,mp-1220198,0.0,-0.11699530541666602,0.047709831249999,6,88.89133018539822,7.6111699197703935,P-6m2,187,hexagonal,5.160456007697381,5.160456007697381,3.854363,90.0,90.0,120.00000009868405,Be[+2],Passivation,Be[+2],Passivation
HoBeCu4,mp-1223886,0.0,-0.152426173333331,0.049313303034186004,6,85.08251375145373,8.355662646434867,P-6m2,187,hexagonal,5.024232392736725,5.024232392736725,3.891977,90.0,90.0,120.0000051715865,Be[+2],Passivation,Be[+2],Passivation
DyBeCu4,mp-1225311,0.0,-0.15255085444444302,0.043704473760681005,6,85.69078205505299,8.249255331329774,P-6m2,187,hexagonal,5.064394122305748,5.064394122305748,3.857878,90.0,90.0,120.00000159775936,Be[+2],Passivation,Be[+2],Passivation
CaBeSi,mp-1227218,0.0,-0.29746484500000003,0.047223444743589006,3,57.06283906648625,2.245826479176436,P-6m2,187,hexagonal,3.9145883002079542,3.9145883002079542,4.299823,90.0,90.0,120.0000050737387,Be[+2],Passivation,Be[+2],Passivation
CaBeGe,mp-1227231,0.0,-0.39695484000000003,0.048405266025640006,3,58.97865704961293,3.427302907648262,P-6m2,187,hexagonal,3.9670835471148074,3.9670835471148074,4.327345,90.0,90.0,119.99999244718612,Be[+2],Passivation,Be[+2],Passivation
ZrBeSi,mp-10200,0.0,-0.722523771666665,0.0,6,87.25878008489649,4.883936398045159,P6_3/mmc,194,hexagonal,3.73068321,3.730682238518694,7.23938961,90.0,90.0,120.00001756967643,Be[+2],Passivation,Be[+2],Passivation
HfBeSi,mp-12571,0.0,-0.630915291666667,0.0,6,83.93869350194353,8.529838940856248,P6_3/mmc,194,hexagonal,3.69337278,3.69337379690813,7.10534556,90.0,90.0,120.00000880507109,Be[+2],Passivation,Be[+2],Passivation
Ti11BeO20,mp-780463,0.0,-3.356509065364584,0.031780123124999005,64,707.762695110667,4.014489385931081,P-1,2,triclinic,7.216253,7.734568883533781,13.138530308458744,90.2117774591245,93.19151997723193,104.80258354283401,Be[+2],Passivation,Be[+2],Passivation
BeAlB,mp-4262,0.0,-0.052399171388889006,0.0,3,30.27241212842413,2.5673893024408843,F-43m,216,cubic,3.4982747331783424,3.4982748051239483,3.498276,60.000007613262625,60.000006932944196,60.000021680575564,Be[+2],Passivation,Be[+2],Passivation
BeAsRu2,mp-1183409,0.0,-0.243328645624999,0.027374849375001002,4,49.91208674236302,9.517468051237039,Fm-3m,225,cubic,4.132760535963583,4.132760535963583,4.132760535963583,60.00000000000001,60.00000000000001,60.00000000000001,Be[+2],Passivation,Be[+2],Passivation
BeCrFe2,mp-1183416,0.0,-0.10977993875000001,0.0,4,38.771123645064996,7.396541988852198,Fm-3m,225,cubic,3.7990452099642606,3.7990452099642606,3.7990452099642606,59.99999999999999,59.99999999999999,59.99999999999999,Be[+2],Passivation,Be[+2],Passivation
HfBeIr2,mp-1184576,0.0,-0.7256527887499991,0.0165117475,4,57.79434407342218,16.432790942423647,Fm-3m,225,cubic,4.339770656492158,4.339770656492158,4.339770656492158,59.99999999999999,59.99999999999999,59.99999999999999,Be[+2],Passivation,Be[+2],Passivation
MnBeIr2,mp-1185986,0.0,-0.36191984073276,0.0,4,49.29900529169044,15.102932024193215,Fm-3m,225,cubic,4.115769566113401,4.115769566113401,4.115769566113401,59.99999999999999,59.99999999999999,59.99999999999999,Be[+2],Passivation,Be[+2],Passivation
MnBeRu2,mp-1185984,0.0,-0.11418595823275801,0.012340230883621002,4,48.06979279097509,9.191910168934994,Fm-3m,225,cubic,4.081273969905046,4.081273969905046,4.081273969905046,59.99999999999999,59.99999999999999,59.99999999999999,Be[+2],Passivation,Be[+2],Passivation
Ti2BeTc,mp-1187423,0.0,-0.30551932666666604,0.015432476458332001,4,56.38174289072096,5.971222927030177,Fm-3m,225,cubic,4.304121260006807,4.304121260006807,4.304121260006807,60.00000000000001,60.00000000000001,60.00000000000001,Be[+2],Passivation,Be[+2],Passivation
Ti2MnBe,mp-861958,0.0,-0.203390732399426,0.0,4,51.7634416004737,5.122570854154643,Fm-3m,225,cubic,4.183255851540669,4.183258941585171,4.183258934520318,59.99939683909398,59.99941523492134,59.9994265857861,Be[+2],Passivation,Be[+2],Passivation
LiBePt2,mp-862316,0.0,-0.684067622083332,0.0,4,46.64280088656353,14.45839605826584,Fm-3m,225,cubic,4.040482280774873,4.040482280774873,4.040482280774873,60.00000000000001,60.00000000000001,60.00000000000001,Be[+2],Passivation,Be[+2],Passivation
LiBePd2,mp-862312,0.0,-0.5522386020833321,0.0,4,46.958154891712816,8.090607856267628,Fm-3m,225,cubic,4.049109374840047,4.049109374840047,4.049109374840047,60.01498358682995,60.01498358682994,60.01498358682995,Be[+2],Passivation,Be[+2],Passivation
BeAlRh2,mp-862287,0.0,-0.8688942487500011,0.0,4,47.961687534875146,8.371811036728632,Fm-3m,225,cubic,4.078212183400374,4.078212183400374,4.078212183400374,59.99999999999999,59.99999999999999,59.99999999999999,Be[+2],Passivation,Be[+2],Passivation
BeGaRh2,mp-862291,0.0,-0.671457313124999,0.0,4,48.70171803686065,9.701917519732152,Fm-3m,225,cubic,4.099060830956108,4.099060866311515,4.099060859240513,60.000627875315494,60.00062816063992,60.00062776119026,Be[+2],Passivation,Be[+2],Passivation
Sc2BeTc,mp-862563,0.0,-0.132397137499999,0.0406184023125,4,66.29219537734438,4.932707436419074,Fm-3m,225,cubic,4.542813752433818,4.542813632225291,4.542813257459322,60.00027418366711,60.000266202713824,60.00027088829472,Be[+2],Passivation,Be[+2],Passivation
BeRu2W,mp-862622,0.0,-0.20696927374999902,0.0,4,52.782659005360074,12.426428709208654,Fm-3m,225,cubic,4.210520071672337,4.2105200646012895,4.210519923179888,59.999905114643035,59.99990561462433,59.99990061481481,Be[+2],Passivation,Be[+2],Passivation
Sc2BeRu,mp-862553,0.0,-0.33994942374999904,0.039438873928570005,4,65.58928291373223,5.063294570328415,Fm-3m,225,cubic,4.526709522752482,4.526709522752482,4.526709522752482,59.99999999999999,59.99999999999999,59.99999999999999,Be[+2],Passivation,Be[+2],Passivation
BeGeRu2,mp-862713,0.0,-0.279699512499998,0.0,4,48.74796026632677,9.667030218947998,Fm-3m,225,cubic,4.100377251558396,4.100377251558396,4.100377251558396,60.00000000000001,60.00000000000001,60.00000000000001,Be[+2],Passivation,Be[+2],Passivation
BeFe2Si,mp-862669,0.0,-0.379209641249999,0.0,4,38.188095000831,6.469758666528961,Fm-3m,225,cubic,3.779905979002156,3.779905979002156,3.779905979002156,60.00000000000001,60.00000000000001,60.00000000000001,Be[+2],Passivation,Be[+2],Passivation
BeCo2Ge,mp-862706,0.0,-0.29541524750000003,0.0,4,40.20620758723299,8.24022963616812,Fm-3m,225,cubic,3.8453514268910105,3.8453514268910105,3.8453514268910105,59.99999999999999,59.99999999999999,59.99999999999999,Be[+2],Passivation,Be[+2],Passivation
HfBeRh2,mp-865163,0.0,-0.772553663750001,0.0,4,56.492362688697064,11.56106547921795,Fm-3m,225,cubic,4.306934286345858,4.306934286345858,4.306934286345858,59.99999999999999,59.99999999999999,59.99999999999999,Be[+2],Passivation,Be[+2],Passivation
BeSiNi2,mp-865792,0.0,-0.508235893749999,0.0,4,39.18647333259533,6.546328253813153,Fm-3m,225,cubic,3.812563267285052,3.812563267285052,3.812563267285052,59.99999999999999,59.99999999999999,59.99999999999999,Be[+2],Passivation,Be[+2],Passivation
BeCo2Si,mp-865901,0.0,-0.5671847212500001,0.0,4,37.347825252467295,6.88992983489489,Fm-3m,225,cubic,3.751976463226815,3.751976463226815,3.751976463226815,59.99999999999999,59.99999999999999,59.99999999999999,Be[+2],Passivation,Be[+2],Passivation
BeSiIr2,mp-865904,0.0,-0.663109713750001,0.0,4,47.523449755102,14.728935491377307,Fm-3m,225,cubic,4.065752947773731,4.065752947773731,4.065752947773731,59.99999999999999,59.99999999999999,59.99999999999999,Be[+2],Passivation,Be[+2],Passivation
BeAlIr2,mp-865966,0.0,-0.7749259637500001,0.0,4,48.99925919247571,14.247902238593333,Fm-3m,225,cubic,4.107411083127164,4.107411083127164,4.107411083127164,59.99999999999999,59.99999999999999,59.99999999999999,Be[+2],Passivation,Be[+2],Passivation
TiBeRh2,mp-866143,0.0,-0.791811782083327,0.0,4,51.02946859055457,8.548145251585177,Fm-3m,225,cubic,4.1633706228436616,4.163377799970294,4.163379242467758,59.9999885387592,59.999885780826965,59.99987443194001,Be[+2],Passivation,Be[+2],Passivation
TiBeCo2,mp-866152,0.0,-0.422010977083334,0.0,4,42.6390846130908,6.805302028746559,Fm-3m,225,cubic,3.92139472959011,3.9213940224832506,3.921394729591528,60.00013862531533,60.000132660360414,60.00011452693394,Be[+2],Passivation,Be[+2],Passivation
TiBeIr2,mp-866154,0.0,-0.8116055345833341,0.0,4,52.04445266197541,14.080612665410264,Fm-3m,225,cubic,4.190795617922688,4.190795617922688,4.190795617922688,59.99999999999999,59.99999999999999,59.99999999999999,Be[+2],Passivation,Be[+2],Passivation
BeVCo2,mp-866288,0.0,-0.280405191249999,0.0,4,40.90235842062743,7.219074590885052,Fm-3m,225,cubic,3.8674732491870762,3.8674732491870762,3.8674732491870762,59.998110323981145,59.99811032398115,59.998110323981145,Be[+2],Passivation,Be[+2],Passivation
BeGaIr2,mp-867116,0.0,-0.493593135624998,0.0,4,49.849956914272056,15.428509245831846,Fm-3m,225,cubic,4.131045024201746,4.131045024201746,4.131045024201746,59.99999999999999,59.99999999999999,59.99999999999999,Be[+2],Passivation,Be[+2],Passivation
TaBeRu2,mp-867114,0.0,-0.37161906058332705,0.0,4,54.32862691504796,11.984427141613272,Fm-3m,225,cubic,4.251229743484731,4.251229743484731,4.251229743484731,60.00000000000001,60.00000000000001,60.00000000000001,Be[+2],Passivation,Be[+2],Passivation
BeSiOs2,mp-867107,0.0,-0.29568593874999904,0.0,4,47.23874673120136,14.678010986730214,Fm-3m,225,cubic,4.057617655971908,4.057617655971908,4.057617655971908,59.99999999999999,59.99999999999999,59.99999999999999,Be[+2],Passivation,Be[+2],Passivation
BeVFe2,mp-867304,0.0,-0.23227479624999903,0.0,4,40.883794897771324,6.971491766083692,Fm-3m,225,cubic,3.8661730596987174,3.866921868666439,3.8672569322228303,59.98492006701108,60.00530444227471,60.01481690946672,Be[+2],Passivation,Be[+2],Passivation
BeVOs2,mp-867275,0.0,-0.24832689374999703,0.0,4,49.87364216330149,14.663539551243748,Fm-3m,225,cubic,4.131699182827157,4.131699182827157,4.131699182827157,59.99999999999999,59.99999999999999,59.99999999999999,Be[+2],Passivation,Be[+2],Passivation
BeSiRh2,mp-867767,0.0,-0.812091816249999,0.0,4,46.25685513766032,8.719990904632825,Fm-3m,225,cubic,4.0293070803521855,4.0293070803521855,4.0293070803521855,59.99999999999999,59.99999999999999,59.99999999999999,Be[+2],Passivation,Be[+2],Passivation
BeFeRh2,mp-867840,0.0,-0.32620436874999903,0.0,4,48.37318646515999,9.291409624633921,Fm-3m,225,cubic,4.089842322183939,4.089842322183939,4.089842322183939,59.99999999999999,59.99999999999999,59.99999999999999,Be[+2],Passivation,Be[+2],Passivation
BeCrRu2,mp-867837,0.0,-0.142905241249999,0.0,4,47.19368126422177,9.259036185866378,Fm-3m,225,cubic,4.0563269315378,4.0563269315378,4.0563269315378,60.00000000000001,60.00000000000001,60.00000000000001,Be[+2],Passivation,Be[+2],Passivation
BeNbRu2,mp-867828,0.0,-0.27588973375000003,0.0,4,54.75922389918376,9.220384891955057,Fm-3m,225,cubic,4.2624316442594745,4.2624316442594745,4.2624316442594745,59.99999999999999,59.99999999999999,59.99999999999999,Be[+2],Passivation,Be[+2],Passivation
BeSiRu2,mp-867835,0.0,-0.5546445212500011,0.0,4,46.16432641051646,8.605422152836372,Fm-3m,225,cubic,4.02661864622798,4.02661864622798,4.02661864622798,59.99999999999999,59.99999999999999,59.99999999999999,Be[+2],Passivation,Be[+2],Passivation
BeVRu2,mp-867874,0.0,-0.35139449374999904,0.0,4,48.69272439677901,8.938025207290032,Fm-3m,225,cubic,4.098796557016158,4.098796557016158,4.098796557016158,60.001013978240536,60.001013978240536,60.001013978240536,Be[+2],Passivation,Be[+2],Passivation
LiBeAu2,mp-982974,0.0,-0.333415724583335,0.005794140624999,4,53.272122696039425,12.776518238412736,Fm-3m,225,cubic,4.2234919102156345,4.2234919102156345,4.2234919102156345,60.00000000000001,60.00000000000001,60.00000000000001,Be[+2],Passivation,Be[+2],Passivation
BeGaCo2,mp-984721,0.0,-0.273360490625,0.008029062500000001,4,40.52359133176184,8.056161365073635,Fm-3m,225,cubic,3.8554047250090897,3.8554047037957453,3.855404519947696,60.00132406918426,60.001323887166905,60.00132036822484,Be[+2],Passivation,Be[+2],Passivation
LaBeCu12,mp-1192952,0.0,-0.10654900678571401,0.0,28,374.9527868159721,8.064324252331732,Fm-3c,226,cubic,8.094012322150368,8.094012322150368,8.094012322150368,59.99999999999999,59.99999999999999,59.99999999999999,Be[+2],Passivation,Be[+2],Passivation
Be(CoO2)2,mp-770957,0.0,-1.790018201428597,0.0,14,113.05064096894415,5.607351497920858,Fd-3m,227,cubic,5.427452220950378,5.427452220950378,5.427452220950378,60.00000000000001,90.0,119.99999999999999,Be[+2],Passivation,Be[+2],Passivation
Mn2BeO4,mp-770881,0.0,-2.285951375123153,0.039093028125007,28,279.55241654745674,4.345362332200092,Pnma,62,orthorhombic,4.634435,5.9587769999999995,10.123002,90.0,90.0,90.0,Be[+2],Passivation,Be[+2],Passivation
RbHoBeF6,mp-1209229,0.0,-3.894240709166665,0.0,18,253.65579013325123,4.888880988866763,P2_1/m,11,monoclinic,5.876583,6.543845,7.193724682772131,66.48037923728785,90.0,90.0,Be[+2],Passivation,Be[+2],Passivation
KYBeF6,mp-1211247,9.999999999976698e-05,-3.874203925805555,0.0,18,249.14015704816862,3.345960131729075,P2_1/m,11,monoclinic,5.865572,6.463656999999999,7.133545855464377,67.1007981568096,90.0,90.0,Be[+2],Passivation,Be[+2],Passivation
Mg2BeB2Ir5,mp-1105674,0.0,-0.514386453333332,0.0,20,250.0194535939218,13.81898267517067,P4/mbm,127,tetragonal,9.286872,9.286872,2.898911,90.0,90.0,90.0,Be[+2],Passivation,Be[+2],Passivation
Sc2BeB2Ir5,mp-1208984,0.0,-0.8217710448333331,0.0,20,258.33759819867856,13.90498753284489,P4/mbm,127,tetragonal,9.320822,9.320822,2.973576999999999,90.0,90.0,90.0,Be[+2],Passivation,Be[+2],Passivation
Sm2EuBeO5,mp-560512,0.0,-3.52681868,0.0023278790277760004,36,451.87970076251634,7.96231996528292,P2_1/c,14,monoclinic,6.564842,7.21523,9.540225471554642,89.6060827078742,90.0,90.0,Be[+2],Passivation,Be[+2],Passivation
Nd3BeCrS7,mp-1190700,0.0,-1.868058365833333,0.035624552500001,24,514.2534014283463,4.638107814793222,P6_3,173,hexagonal,9.867189552461411,9.867189552433489,6.09901327,90.0,90.0,119.99999532285584,Be[+2],Passivation,Be[+2],Passivation
Pr3BeCrS7,mp-1191063,0.0,-1.8650001477083331,0.028235209166666,24,525.2971560236001,4.477354926366355,P6_3,173,hexagonal,10.030492100063537,10.030492100063537,6.028787,90.0,90.0,120.00000066000254,Be[+2],Passivation,Be[+2],Passivation
Y3BeCrS7,mp-1191316,0.0,-1.854282811874998,0.044640870833335004,24,478.2298069180897,3.834632764831989,P6_3,173,hexagonal,9.588633453025984,9.588633453025984,6.0061,90.0,90.0,119.99999622599924,Be[+2],Passivation,Be[+2],Passivation
La3TiBeS7,mp-1191420,0.0,-2.100859806319444,0.03118803229167,24,536.6934198889852,4.319562102024747,P6_3,173,hexagonal,10.320679944288601,10.320679944288601,5.818071,90.0,90.0,119.99999964286883,Be[+2],Passivation,Be[+2],Passivation
La3BeVS7,mp-1191498,0.0,-2.005277304374999,0.045247567465279005,24,535.5177035466636,4.348112483037901,P6_3,173,hexagonal,10.19544579309576,10.19544579309576,5.948819,90.0,90.0,119.99999865737361,Be[+2],Passivation,Be[+2],Passivation
Dy3BeCrS7,mp-1191669,0.0,-1.8658547939583312,0.041440689166669,24,478.5717362018334,5.3640264550309045,P6_3,173,hexagonal,9.583983468724943,9.583983468724943,6.016228,90.0,90.0,119.9999963325401,Be[+2],Passivation,Be[+2],Passivation
Sm3BeCrS7,mp-1191796,0.0,-1.8701326597916652,0.036110562291661,24,498.32872551132607,4.908642955502202,P6_3,173,hexagonal,9.795587954095456,9.795587954095456,5.996865,90.0,90.0,119.99999968996042,Be[+2],Passivation,Be[+2],Passivation
Sr2NdBeO5,mp-1208779,0.0,-3.129707903055554,0.007751844675924001,36,478.5619715741874,5.669615275458277,Pnma,62,orthorhombic,6.617517,7.45618,9.698995,90.0,90.0,90.0,Be[+2],Passivation,Be[+2],Passivation
Sr2LaBeO5,mp-1208818,0.0,-3.154625205555556,0.009051647175926,36,490.42405242284093,5.460205682981701,Pnma,62,orthorhombic,6.6921800000000005,7.505596,9.763802,90.0,90.0,90.0,Be[+2],Passivation,Be[+2],Passivation
NdEu2BeO5,mp-1210044,0.0,-3.3907701363888902,0.000269468194442,36,457.77271749881174,7.79432223352233,Pnma,62,orthorhombic,6.577655,7.269913,9.573034,90.0,90.0,90.0,Be[+2],Passivation,Be[+2],Passivation
Sr2SmBeO5,mp-1208778,0.0,-3.144075671944444,0.015718832939813,36,471.83973749450166,5.83651345465656,Pnma,62,orthorhombic,6.581355,7.409791,9.675496,90.0,90.0,90.0,Be[+2],Passivation,Be[+2],Passivation
Sr2GdBeO5,mp-1208913,0.0,-3.147357455000001,0.021731306759258003,36,466.58610210047226,6.000314669468893,Pnma,62,orthorhombic,6.584242,7.342842,9.650767,90.0,90.0,90.0,Be[+2],Passivation,Be[+2],Passivation
Ca2YBeO5,mp-1214112,0.0,-3.2182876,0.03930015770833,36,418.31902090061357,4.097705427510004,Pnma,62,orthorhombic,6.378071999999999,7.113654,9.219884,90.0,90.0,90.0,Be[+2],Passivation,Be[+2],Passivation
Ca2PrBeO5,mp-1214104,0.0,-3.153950414351851,0.04124802298611,36,444.0952807491718,4.6376358709212315,Pnma,62,orthorhombic,6.487495,7.274962,9.40954,90.0,90.0,90.0,Be[+2],Passivation,Be[+2],Passivation
K2Zr6BeCl15,mp-1211747,0.0,-2.079436904979167,0.0,48,1383.753219877292,2.79929402068529,Cccm,66,orthorhombic,10.124144416626672,10.124144416626672,14.381362,90.0,90.0,110.16018646795537,Be[+2],Passivation,Be[+2],Passivation
Ta3Be2,mp-1078957,0.0,-0.173273956399998,0.0,10,141.11979394560782,13.199328114196867,P4/mbm,127,tetragonal,3.3287549,6.51108039,6.51108039,90.0,90.0,90.0,Be[+2],Passivation,Be[+2],Passivation
Be2Nb3,mp-11272,0.0,-0.134875928000002,0.0,10,143.9334137584123,6.846974142902572,P4/mbm,127,tetragonal,3.37386193,6.531563600000081,6.531563600000081,90.000018070605,90.0,90.0,Be[+2],Passivation,Be[+2],Passivation
ZrBe2,mp-1252,0.0,-0.16392619333333502,0.028948296666665003,3,41.044119932149485,4.4199065952450685,P6/mmm,191,hexagonal,3.8233687,3.823368005244751,3.24211235,90.0,90.0,120.0000060110142,Be[+2],Passivation,Be[+2],Passivation
HfBe2,mp-2553,0.0,-0.170745116666664,0.012765049333336002,3,39.21508796727939,8.32128130994708,P6/mmm,191,hexagonal,3.77950106,3.7795016042188516,3.1699582,90.0,90.0,119.9999952367756,Be[+2],Passivation,Be[+2],Passivation
Be2Ru,mp-1103315,0.0,-0.332087546666664,0.0,12,114.09763940678378,6.9330389326923285,P6_3/mmc,194,hexagonal,4.330043104259187,4.330043104259187,7.026817550000107,89.99998776353026,90.00000400097497,119.99933480887269,Be[+2],Passivation,Be[+2],Passivation
MnBe2,mp-11270,0.0,-0.250302259310346,0.0,12,102.89541086489749,4.709906088885829,P6_3/mmc,194,hexagonal,4.181029910064689,4.181027068580838,6.79667569000013,89.99998279395449,89.99997754940128,119.99941211618885,Be[+2],Passivation,Be[+2],Passivation
Be2V,mp-11281,0.0,-0.21818012416666502,0.0,12,115.86782460891379,3.953487927139779,P6_3/mmc,194,hexagonal,4.361538260004279,4.361527542156833,7.03320941,90.0,90.0,119.99991607849122,Be[+2],Passivation,Be[+2],Passivation
Be2Re,mp-11275,0.0,-0.37955290416666604,0.0,12,117.35031432799649,11.55971879543903,P6_3/mmc,194,hexagonal,4.36168394,4.36168140618933,7.12271297,90.0,90.0,119.99998859712636,Be[+2],Passivation,Be[+2],Passivation
Be2W,mp-11282,0.0,-0.303591991666665,0.0,12,124.98275672720283,10.727997088686543,P6_3/mmc,194,hexagonal,4.444089750005225,4.444098850385166,7.3072156400023305,90.00008027096965,89.99999327637511,119.99976861329513,Be[+2],Passivation,Be[+2],Passivation
Be2Mo,mp-1677,0.0,-0.31991649249999904,0.0,12,124.55101112110948,6.077583053523648,P6_3/mmc,194,hexagonal,4.441862470012387,4.44186289589933,7.28928699,90.0,90.0,119.9996984967331,Be[+2],Passivation,Be[+2],Passivation
Be2Fe,mp-2225,0.0,-0.27759050166666505,0.0,12,103.2960246961987,4.74995877557366,P6_3/mmc,194,hexagonal,4.1883492702241325,4.18834883228177,6.79926708,89.99999941191518,90.00000061066459,119.99882554753857,Be[+2],Passivation,Be[+2],Passivation
Be2Cr,mp-30438,0.0,-0.22044840916666703,0.0,12,114.39090100088167,4.065767990849648,P6_3/mmc,194,hexagonal,4.313351480055277,4.3133507802265765,7.099516960000089,90.00000444253368,89.99997648231927,119.99944677664506,Be[+2],Passivation,Be[+2],Passivation
Be2Nb,mp-2028,0.0,-0.18998123333333303,0.021783169523808002,6,70.21476548700666,5.246897367565542,Fd-3m,227,cubic,4.630712683684221,4.630711910221505,4.63071222,60.00000507350449,60.00001059877382,60.0000015405781,Be[+2],Passivation,Be[+2],Passivation
Be2Cu,mp-2031,0.0,-0.1403742,0.0,6,53.02076494915034,5.10934824228532,Fd-3m,227,cubic,4.216838350512429,4.216838554328497,4.21683827,60.000010153587645,60.00000855471712,60.00001645084903,Be[+2],Passivation,Be[+2],Passivation
TiBe2,mp-2749,0.0,-0.19378267611111102,0.0,6,66.70157199316887,3.280737793848888,Fd-3m,227,cubic,4.552097498505462,4.552110187191529,4.551998740687555,60.002243051543886,60.00253567356546,60.00272046619099,Be[+2],Passivation,Be[+2],Passivation
TaBe2,mp-2676,0.0,-0.185840904111111,0.035414196428571,6,69.02866224423686,9.572869402047619,Fd-3m,227,cubic,4.604489046168201,4.604489135650811,4.6044896,60.000003991926135,60.00000334906209,60.00001145444304,Be[+2],Passivation,Be[+2],Passivation
Be2Ag,mp-603,0.0,0.029720604444444004,0.029720604444444004,6,65.31910150123308,6.400869452023749,Fd-3m,227,cubic,4.520485527465759,4.520485150930415,4.52048478,60.00000271437219,60.000005469759266,60.00000962941078,Be[+2],Passivation,Be[+2],Passivation
Ca(BeGe)2,mp-31209,0.0,-0.261358534999999,0.027983462999999,10,160.53798677514524,4.207407451203299,P4/nmm,129,tetragonal,4.029635,4.029635,9.886587,90.0,90.0,90.0,Be[+2],Passivation,Be[+2],Passivation
Be2TlF5,mp-27187,0.0,-3.197747547916668,0.0,32,454.1391797043852,4.642229447892309,C2/c,15,monoclinic,4.62468618,8.047973225189386,12.205784609537302,88.51685111785301,90.0,90.0,Be[+2],Passivation,Be[+2],Passivation
Be2IrRu,mp-1183419,0.0,-0.38714356250000004,0.0,4,43.01433519290767,12.01796283681186,Fm-3m,225,cubic,3.932868307857923,3.932868307857923,3.932868307857923,59.99999999999999,59.99999999999999,59.99999999999999,Be[+2],Passivation,Be[+2],Passivation
Be2NiRu,mp-1183421,0.0,-0.3541496075,0.00452384875,4,38.80869526059241,7.607149008826392,Fm-3m,225,cubic,3.8002719836610765,3.8002719836610765,3.8002719836610765,59.99999999999999,59.99999999999999,59.99999999999999,Be[+2],Passivation,Be[+2],Passivation
LiBe2Pt,mp-1185317,0.0,-0.50947539083333,0.0,4,42.40278808809616,8.617371214914602,Fm-3m,225,cubic,3.9141410373065373,3.9141410373065373,3.9141410373065373,59.99999999999999,59.99999999999999,59.99999999999999,Be[+2],Passivation,Be[+2],Passivation
MnBe2Ru,mp-1185985,0.0,-0.22534452948275802,0.02372113051724,4,42.38405372306256,6.818309921161736,Fm-3m,225,cubic,3.9135645048635648,3.9135645048635648,3.9135645048635648,59.99999999999999,59.99999999999999,59.99999999999999,Be[+2],Passivation,Be[+2],Passivation
TiBe2Pt,mp-1187463,0.0,-0.575025725833334,0.015290991499997,4,46.557145492941636,9.30812623398175,Fm-3m,225,cubic,4.038007435324991,4.038007435324991,4.038007435324991,59.99999999999999,59.99999999999999,59.99999999999999,Be[+2],Passivation,Be[+2],Passivation
LiBe2Ir,mp-862377,0.0,-0.386029505833333,0.0,4,41.06339130047035,8.782513781184228,Fm-3m,225,cubic,3.8724867203297224,3.8724867203297224,3.8724867203297224,59.99999999999999,59.99999999999999,59.99999999999999,Be[+2],Passivation,Be[+2],Passivation
Be2PtRh,mp-862600,0.0,-0.7654158374999991,0.0,4,43.55547978198444,12.047929890472002,Fm-3m,225,cubic,3.9492921922117294,3.9492921922117294,3.9492921922117294,59.99999999999999,59.99999999999999,59.99999999999999,Be[+2],Passivation,Be[+2],Passivation
MnBe2Pt,mp-864944,0.0,-0.47643338198275903,0.0,4,44.36455627121703,10.032818340056659,Fm-3m,225,cubic,3.9735960321086714,3.9735960321086714,3.9735960321086714,59.99999999999999,59.99999999999999,59.99999999999999,Be[+2],Passivation,Be[+2],Passivation
Be2NiRh,mp-864895,0.0,-0.591903532499999,0.0,4,38.58789953031376,7.729662686301186,Fm-3m,225,cubic,3.793051263770041,3.793051263770041,3.793051263770041,59.99999999999999,59.99999999999999,59.99999999999999,Be[+2],Passivation,Be[+2],Passivation
MnBe2Rh,mp-864945,0.0,-0.41455210198275805,0.0,4,42.29156350848455,6.905290540917586,Fm-3m,225,cubic,3.910715713063521,3.910715713063521,3.910715713063521,59.99999999999999,59.99999999999999,59.99999999999999,Be[+2],Passivation,Be[+2],Passivation
MnBe2Ir,mp-864943,0.0,-0.45284055448275706,0.0,4,42.66187153839366,10.321646763811424,Fm-3m,225,cubic,3.9220709642597282,3.9220714380209833,3.922069578329845,60.00088701247455,60.00089911933211,60.00085254072443,Be[+2],Passivation,Be[+2],Passivation
Be2PdPt,mp-864961,0.0,-0.6840280950000001,0.0,4,45.059295115291036,11.775358002187824,Fm-3m,225,cubic,3.9942170760869553,3.9942170760869553,3.994217083158023,60.000446651549204,60.00044676867331,60.000446710111646,Be[+2],Passivation,Be[+2],Passivation
Be2RuPt,mp-865021,0.0,-0.518279809999999,0.0,4,43.81923208598171,11.905855544861879,Fm-3m,225,cubic,3.957247864748995,3.957247864748995,3.957247864748995,59.99999999999999,59.99999999999999,59.99999999999999,Be[+2],Passivation,Be[+2],Passivation
Be2IrPd,mp-865003,0.0,-0.601694587499999,0.0,4,43.71677942688333,12.028071891349988,Fm-3m,225,cubic,3.9541613436491154,3.9541613436491154,3.9541613436491154,59.99999999999999,59.99999999999999,59.99999999999999,Be[+2],Passivation,Be[+2],Passivation
Be2CuRu,mp-865147,0.0,-0.248225409999999,0.0008402499999970001,4,39.93804279949176,7.593798751798213,Fm-3m,225,cubic,3.8367452730579963,3.836745273058136,3.8367453013425474,60.00130746365553,60.00130734172495,60.00130721979919,Be[+2],Passivation,Be[+2],Passivation
Be2NiIr,mp-865229,0.0,-0.5821398599999981,0.0,4,39.32047649039192,11.35735682394321,Fm-3m,225,cubic,3.816890400211371,3.8168904143534554,3.8168903012164197,60.00047910723463,60.000479720062756,60.000476410786675,Be[+2],Passivation,Be[+2],Passivation
Be2CuRh,mp-865308,0.0,-0.422358172499999,0.0,4,40.20138176192615,7.619871894724433,Fm-3m,225,cubic,3.8451932824642556,3.8451918470374915,3.845193996644031,60.00017847973962,60.000141554940235,60.000147638154814,Be[+2],Passivation,Be[+2],Passivation
Be2CuPt,mp-865869,0.0,-0.459643522500002,0.0,4,42.25211803921723,10.872718355585835,Fm-3m,225,cubic,3.9094994893998796,3.9094994893998796,3.9094994893998796,60.00000000000001,60.00000000000001,60.00000000000001,Be[+2],Passivation,Be[+2],Passivation
Be2RhAu,mp-866024,0.0,-0.414462902499998,0.0,4,45.83506321222901,11.516935052212357,Fm-3m,225,cubic,4.017081299055428,4.0170756711106685,4.016935985616044,60.00133683100096,60.00089301332467,59.996944246153305,Be[+2],Passivation,Be[+2],Passivation
TiBe2Ir,mp-866139,0.0,-0.5618180808333341,0.0,4,45.45515500842433,9.429052035105359,Fm-3m,225,cubic,4.0059266373338,4.0059266090498795,4.0059263615622624,59.99890511357296,59.99890569748391,59.99889851549377,Be[+2],Passivation,Be[+2],Passivation
Be2PdRh,mp-866115,0.0,-0.650607097499999,0.0,4,43.191968412749425,8.740591013369038,Fm-3m,225,cubic,3.9382746341748396,3.9382746341748396,3.9382746341748396,59.99999999999999,59.99999999999999,59.99999999999999,Be[+2],Passivation,Be[+2],Passivation
Be2NiPt,mp-866224,0.0,-0.642503884999998,0.0,4,40.365425582542905,11.181287970564252,Fm-3m,225,cubic,3.8503433760588024,3.850343637682289,3.8503422446819062,60.00267840609768,60.00267141976978,60.00264705814168,Be[+2],Passivation,Be[+2],Passivation
Be2CoPt,mp-867270,0.0,-0.5855304224999981,0.0,4,39.75762731334623,11.36223831713986,Fm-3m,225,cubic,3.830997060237974,3.830997060237974,3.830997060237974,59.99999999999999,59.99999999999999,59.99999999999999,Be[+2],Passivation,Be[+2],Passivation
Be2CoNi,mp-867271,0.0,-0.412348772499999,0.0,4,34.09394703616054,6.606853603730522,Fm-3m,225,cubic,3.639687467968187,3.639687467968187,3.639687467968187,59.99999999999999,59.99999999999999,59.99999999999999,Be[+2],Passivation,Be[+2],Passivation
Be2IrPt,mp-867280,0.0,-0.7096500949999981,0.0,4,44.117637648600066,15.255998223812934,Fm-3m,225,cubic,3.9662104007741275,3.9662104007741275,3.9662104007741275,59.99999999999999,59.99999999999999,59.99999999999999,Be[+2],Passivation,Be[+2],Passivation
Be2CuIr,mp-867273,0.0,-0.39975566500000004,0.0,4,40.91846655881386,11.110744172437856,Fm-3m,225,cubic,3.8693165386500867,3.8693165386500867,3.8693165386500867,59.95246666266795,59.95246666266794,59.95246666266795,Be[+2],Passivation,Be[+2],Passivation
Be2CoIr,mp-867274,0.0,-0.45885382749999903,0.0,4,39.238957246033586,11.391099619486154,Fm-3m,225,cubic,3.8142768133289993,3.814276841613315,3.814276763831569,59.99957692128451,59.99957790247501,59.999576001420444,Be[+2],Passivation,Be[+2],Passivation
Be2RuAu,mp-867307,0.0,-0.257657087499998,0.0,4,45.387210311463406,11.56342333161615,Fm-3m,225,cubic,4.003896377926382,4.003896377926382,4.003896377926382,59.99999999999999,59.99999999999999,59.99999999999999,Be[+2],Passivation,Be[+2],Passivation
MnBe2Co,mp-978261,0.0,-0.235634711982759,0.004891544008621,4,37.367466566296144,5.861189512706968,Fm-3m,225,cubic,3.752634072533319,3.752634072533319,3.752634072533319,59.99999999999999,59.99999999999999,59.99999999999999,Be[+2],Passivation,Be[+2],Passivation
Be2BH3O5,mp-1227394,0.0,-2.329977797537879,9.281772727298691e-05,22,185.20189590090007,2.005827882800795,Cc,9,monoclinic,4.460979120553357,4.460979120553357,10.806844471306922,88.23950569017461,88.23950569017461,59.50847801929665,Be[+2],Passivation,Be[+2],Passivation
Be3Rh,mp-1183411,0.0,-0.429666691249999,0.012471473750000002,4,38.01219136349498,5.676437901555782,I4/mmm,139,tetragonal,4.295996244550366,4.295996244550366,4.295996244550366,135.79698723687727,135.79698723687727,64.29435272902123,Be[+2],Passivation,Be[+2],Passivation
Be3Co,mp-1183423,0.0,-0.285188863749999,0.0,4,33.41132288670624,4.272686656558092,I4/mmm,139,tetragonal,4.121650521890474,4.121650521890474,4.121650521890474,135.93353862233653,135.93353862233653,64.0831022876703,Be[+2],Passivation,Be[+2],Passivation
Be3Ni,mp-865168,0.0,-0.28368570124999903,0.0,4,33.54884443527943,4.243303365787677,I4/mmm,139,tetragonal,4.064212237160423,4.064212237160423,4.064212237160423,134.56429551858957,134.56429551858957,66.20794489366634,Be[+2],Passivation,Be[+2],Passivation
Be3Ir,mp-862714,0.0,-0.461441378749999,0.0,4,38.60719409341599,9.430342897819388,I4/mmm,139,tetragonal,4.2975649020887925,4.2975649020887925,4.2975649020887925,135.37490907600917,135.37490907600917,64.94823044395135,Be[+2],Passivation,Be[+2],Passivation
Be3Ru,mp-865562,0.0,-0.334430163749999,0.0,4,37.55360843506157,5.6645934488037195,I4/mmm,139,tetragonal,4.365925309478186,4.365925309478186,4.365925309478186,137.49501830309708,137.49501830309708,61.67728834796783,Be[+2],Passivation,Be[+2],Passivation
Be3Cu,mp-1227357,0.0,-0.104867697916667,0.000412952083333,12,103.79788825724312,4.347367530608563,Cm,8,monoclinic,4.187199370230728,4.187199363160345,7.251156229482526,73.22828491587696,89.99365657252011,120.00645566418176,Be[+2],Passivation,Be[+2],Passivation
TiBe3,mp-1103465,0.0,-0.204800896249999,0.0,12,123.06100885631598,3.032161011415756,R-3m,166,trigonal,4.486690911973199,4.486690911973199,7.519197337763752,72.64152731596434,72.64152731596434,59.9999892065318,Be[+2],Passivation,Be[+2],Passivation
TaBe3,mp-1102049,0.0,-0.23624920808333202,0.0,12,124.89790464134929,8.29556586099135,R-3m,166,trigonal,4.549718988453387,4.549718988453387,7.445883534059549,72.21060885641342,72.21060885641342,60.0000248883546,Be[+2],Passivation,Be[+2],Passivation
Be3Nb,mp-11273,0.0,-0.23579205124999802,0.0,12,127.14756365961723,4.699340875736425,R-3m,166,trigonal,7.504639586972209,7.504649031364304,7.5046361864698214,35.46560815603187,35.46568640769859,35.46559875053081,Be[+2],Passivation,Be[+2],Passivation
Be3Co,mp-1183425,0.0,-0.25081164,0.034377223749999006,8,65.48029205260035,4.360277237655192,P6_3/mmc,194,hexagonal,4.56636129,4.566360709559624,3.62609724,90.0,90.0,119.99998964395233,Be[+2],Passivation,Be[+2],Passivation
Be3Rh,mp-864894,0.0,-0.442138165,0.0,8,74.96899515530822,5.756348830071154,P6_3/mmc,194,hexagonal,4.808882740006838,4.808879525837805,3.74336565,90.0,90.0,119.99983481898349,Be[+2],Passivation,Be[+2],Passivation
Be3Ru,mp-984612,0.0,-0.31002588750000104,0.024404276249999003,8,74.25609707702625,5.729520744930296,P6_3/mmc,194,hexagonal,4.776990030976129,4.7781383572410885,3.7568126700158766,90.00043063377882,89.99975602372032,120.00710756877919,Be[+2],Passivation,Be[+2],Passivation
Be3Ni,mp-984315,0.0,-0.27828066125,0.005405039999999001,8,67.01494974946941,4.248542304148651,P6_3/mmc,194,hexagonal,4.581928280007107,4.5819119680953,3.68591688,90.0,90.0,119.99988588864214,Be[+2],Passivation,Be[+2],Passivation
MnBe3,mp-973292,0.0,-0.17889021073275901,0.010523769750001001,4,34.383434366923666,3.958941662761996,Pm-3m,221,cubic,3.251743840000326,3.251742820000326,3.251746920000326,90.00003629721637,90.00003629721067,90.00003629723355,Be[+2],Passivation,Be[+2],Passivation
Be3Tc,mp-977552,0.0,-0.2665730625,0.0,4,38.29507762268305,5.421795235185659,Pm-3m,221,cubic,3.37065478,3.37065579,3.37065478,90.0,90.0,90.0,Be[+2],Passivation,Be[+2],Passivation
Be3Fe,mp-983590,0.0,-0.20898726124999903,0.0,4,33.9807757494717,4.050173723163006,Pm-3m,221,cubic,3.239004850000161,3.2390017900003216,3.238996680000161,90.0000360862667,89.99999999999432,90.00003608622117,Be[+2],Passivation,Be[+2],Passivation
Ti2Be3Ga,mp-1217066,0.0,-0.262510758194444,0.036799945563726004,6,72.75604333778124,4.39335398871777,R-3m,166,trigonal,4.65736164271232,4.65736164271232,4.71500046947389,90.0,60.40356809576518,120.00000000000001,Be[+2],Passivation,Be[+2],Passivation
K3Be3B3P6O25,mp-732003,0.0,-2.712047495740179,0.048532135062488005,160,2057.345699934329,2.462034140021779,P4_332,212,cubic,12.718496,12.718496,12.718496,90.0,90.0,90.0,Be[+2],Passivation,Be[+2],Passivation
K3Be3B3P6O25,mp-1212145,0.002199999999999,-2.712644538427678,0.047935092374989004,160,2057.352498720523,2.462026003913003,P2_13,198,cubic,12.71851001,12.71851001,12.71851001,90.0,90.0,90.0,Be[+2],Passivation,Be[+2],Passivation
Be4B,mp-27757,0.0,-0.016717138833333003,0.0,10,78.95965676301567,1.9709409129725801,P4/nmm,129,tetragonal,3.35699684,3.35699684,7.00653647,90.0,90.0,90.0,Be[+2],Passivation,Be[+2],Passivation
TaBe4Mo,mp-1217980,0.0,-0.26201208205555404,0.008573714464284002,12,131.51586398582538,7.902369299102905,P-3m1,164,trigonal,4.535475441866753,4.535475441866753,7.38247359,90.0,90.0,120.00000702904197,Be[+2],Passivation,Be[+2],Passivation
Be4AlCr,mp-1227359,0.0,-0.11968357916666601,0.0,12,112.7199114100311,3.389033455385691,P-3m1,164,trigonal,4.306815654378882,4.306559410073362,7.017329220368705,90.00015024991005,90.00111537400915,60.00261182040043,Be[+2],Passivation,Be[+2],Passivation
Be4CrMo,mp-1227375,0.0,-0.24899763666666602,0.021184814166666,12,116.07227343047914,5.264202819955403,P-3m1,164,trigonal,4.343865734445875,4.343865734445875,7.103053,90.0,90.0,119.9999959554644,Be[+2],Passivation,Be[+2],Passivation
Be4NbMo,mp-1227348,0.0,-0.25667783250000004,0.009162615178570001,12,132.46996396015678,5.638215661227907,P-3m1,164,trigonal,4.542846867326599,4.542846867326599,7.41191917,90.0,90.0,120.0000190391686,Be[+2],Passivation,Be[+2],Passivation
TiBe4Nb,mp-1217010,0.0,-0.168036743888888,0.03760362597222,6,67.74781317739799,4.334014699540469,F-43m,216,cubic,4.575832230841511,4.575832230841511,4.575832230841511,59.99999999999999,59.99999999999999,59.99999999999999,Be[+2],Passivation,Be[+2],Passivation
TaTiBe4,mp-1217889,0.0,-0.15948262511111103,0.048036263214285,6,67.39421792273113,6.526025257966297,F-43m,216,cubic,4.56785748056329,4.56785748056329,4.56785748056329,60.00000000000001,60.00000000000001,60.00000000000001,Be[+2],Passivation,Be[+2],Passivation
MnBe4Al,mp-1221618,0.0,-0.171403789655173,0.0,6,55.95437644081367,3.500905603690315,F-43m,216,cubic,4.293226724422449,4.293210814505132,4.293210814505132,59.99999999999999,60.000122587400384,60.000122587400384,Be[+2],Passivation,Be[+2],Passivation
Be4AlFe,mp-1227272,0.0,-0.236783661666664,0.0,6,53.208972200188796,3.709844713765956,F-43m,216,cubic,4.221784806309086,4.221783377953632,4.221782663775471,60.00123126962396,60.00120877474137,60.00120317867322,Be[+2],Passivation,Be[+2],Passivation
Be4AlCr,mp-1227276,0.0,-0.098219859999999,0.021463719166666003,6,58.75537554750614,3.250864685120042,F-43m,216,cubic,4.363693125417735,4.363693125417735,4.363693125417735,60.00000000000001,60.00000000000001,60.00000000000001,Be[+2],Passivation,Be[+2],Passivation
Be4AlCu,mp-1227275,0.0,-0.06932595833333201,0.010284149166666002,6,56.54694749114861,3.7169970249336153,F-43m,216,cubic,4.308321007596579,4.308321007596579,4.308321007596579,59.99999999999999,59.99999999999999,59.99999999999999,Be[+2],Passivation,Be[+2],Passivation
Be4AlNi,mp-1227279,0.0,-0.291239673333333,0.0,6,53.96479317413427,3.745532815568623,F-43m,216,cubic,4.241718450170991,4.241718450170991,4.241718450170991,59.99999999999999,59.99999999999999,59.99999999999999,Be[+2],Passivation,Be[+2],Passivation
Ca6MnBe4Si6HO24,mp-1203787,0.0,-3.178903958016215,0.042116979457669006,168,1895.6803215443308,3.10076085290368,Pnma,62,orthorhombic,9.91006376,13.707658630000001,13.95485643,90.0,90.0,90.0,Be[+2],Passivation,Be[+2],Passivation
Na4Ca4Be4AlSi7(O6F)4,mp-1210262,0.0,-3.2420165376149432,0.016355811264885,48,566.7207541795567,2.847686677185794,I-4,82,tetragonal,9.036323392529232,9.036323392529232,9.036323392529232,107.92509760385816,107.92509760385816,112.60979587399312,Be[+2],Passivation,Be[+2],Passivation
ZrBe5,mp-11283,0.0,-0.241093112499999,0.0,6,62.55311954982862,3.6178278377114923,P6/mmm,191,hexagonal,4.56700518,4.567005666516938,3.46302165,90.0,90.0,119.99998171934322,Be[+2],Passivation,Be[+2],Passivation
ScBe5,mp-11277,0.0,-0.19542567333333302,0.0,6,62.92120584317472,2.375613238480116,P6/mmm,191,hexagonal,4.5365604699999995,4.536560513355378,3.53031121,90.0,90.0,119.99999975677896,Be[+2],Passivation,Be[+2],Passivation
HfBe5,mp-2025,0.0,-0.2293877075,0.0,6,60.84319134601322,6.101176010276861,P6/mmm,191,hexagonal,4.51940161,4.51940307884208,3.43969043,90.0,90.0,120.00000396100104,Be[+2],Passivation,Be[+2],Passivation
Be5Fe,mp-1025010,0.0,-0.09007575583333301,0.049249084999999006,6,49.75865134873596,3.3674185506251693,F-43m,216,cubic,4.128483049409277,4.128483049409277,4.128483049409276,60.00122697036395,60.00122697036395,60.00122697036395,Be[+2],Passivation,Be[+2],Passivation
Be5Co,mp-1071690,0.0,-0.187673225833333,0.0024526833333330003,6,47.97136989827345,3.599777834462416,F-43m,216,cubic,4.078486597400016,4.078486597400016,4.078486597400016,59.99999999999999,59.99999999999999,59.99999999999999,Be[+2],Passivation,Be[+2],Passivation
Be5Au,mp-1220,0.0,-0.08535215583333401,0.0,6,56.68329337513013,7.090203482187636,F-43m,216,cubic,4.311780129204711,4.31178019098348,4.31178173,60.00001160831653,60.00001109765916,60.00000335441466,Be[+2],Passivation,Be[+2],Passivation
Be5Pd,mp-650,0.0,-0.31534194249999903,0.0,6,53.35012297158457,4.714890142485599,F-43m,216,cubic,4.225552631292547,4.2255513051526545,4.22555212,60.00000144946778,60.00001183115119,60.0000065905212,Be[+2],Passivation,Be[+2],Passivation
ZrTi4Be5,mp-1215228,0.0,-0.12393408583333301,0.021402921249999003,10,132.20703538262433,4.11662291399027,P4/mmm,123,tetragonal,2.981416,2.981416,14.873371,90.0,90.0,90.0,Be[+2],Passivation,Be[+2],Passivation
Ca8Be5Al3(Si9O28)2,mp-1227789,0.019600000000000003,-3.210040931611111,0.049721790449081,90,1170.4499289968378,2.6219833660625422,C2,5,monoclinic,12.026200979172973,12.026200979172973,19.62197877798837,89.97446686994836,89.97446686994836,155.64219512860456,Be[+2],Passivation,Be[+2],Passivation
Li14Be6(BO3)9,mp-1210986,0.008400000000000001,-2.744742851949405,0.0,112,1015.946117528199,2.224618908735999,P6_3/m,176,hexagonal,7.8289584216145895,7.8289584216145895,19.139566,90.0,90.0,120.00000356290006,Be[+2],Passivation,Be[+2],Passivation
Be8NbCr3,mp-1227423,0.0,-0.19329796833333202,0.024979439255952002,12,114.50987389026061,4.654794942925136,P3m1,156,trigonal,4.3211178640297465,4.3211178640297465,7.082795076354038,90.01461908051317,89.98538091948684,120.01931911889615,Be[+2],Passivation,Be[+2],Passivation
TiBe12,mp-1104067,0.0,-0.147714827948718,0.0,13,111.68726357094982,2.319566069161335,I4/mmm,139,tetragonal,4.16367717,5.581957299489326,5.581957299489326,82.00432978315902,68.10178958108952,68.10178958108952,Be[+2],Passivation,Be[+2],Passivation
Be12Co,mp-1104193,0.0,-0.039066079999999004,0.048684339615384,13,104.55600656530929,2.653523648872987,I4/mmm,139,tetragonal,4.08197057,5.457080363875603,5.457080363875603,81.95902577751427,68.03704684353478,68.03704684353478,Be[+2],Passivation,Be[+2],Passivation
MnBe12,mp-1104792,0.0,-0.062953709071618,0.0,13,107.42966433306988,2.5207910224986,I4/mmm,139,tetragonal,4.124867002424804,5.504905251088209,5.504906305691322,81.9098650278435,67.9808566818322,67.980884037883,Be[+2],Passivation,Be[+2],Passivation
Be12Fe,mp-1104104,0.0,-0.046018346923077005,0.018285425769231003,13,106.00420086187538,2.568896000308672,I4/mmm,139,tetragonal,4.12413039,5.473163193719365,5.473163193719365,81.83944837264653,67.86692086110547,67.86692086110547,Be[+2],Passivation,Be[+2],Passivation
Be12Cr,mp-1590,0.0,-0.050614865384615,0.00025784442307600003,13,107.9943631152315,2.462374064031555,C2/m,12,monoclinic,4.125156006505035,5.5140272628400755,5.514334140633557,82.00282790591515,68.10872153494635,68.10967750346492,Be[+2],Passivation,Be[+2],Passivation
Be12Mo,mp-1475,0.0,-0.12780441923076802,0.0,13,109.42311317098178,3.097088646671659,C2/m,12,monoclinic,4.203345798291962,5.518412551098539,5.518415413321266,81.67059655776404,67.60452421857697,67.60454740144003,Be[+2],Passivation,Be[+2],Passivation
TaBe12,mp-567842,0.0,-0.13860669825641,0.0,13,112.32961310752474,4.273601358660808,I4/mmm,139,tetragonal,4.208473001504694,5.578450152156592,5.578451287933318,81.81985304344494,67.83914365597514,67.83914815433312,Be[+2],Passivation,Be[+2],Passivation
Be12Nb,mp-568912,0.0,-0.148409677692308,0.0,13,113.14664784065326,2.95064540871129,I4/mmm,139,tetragonal,4.200624284248806,5.599863482979928,5.599869289248874,81.88353736288352,67.94140990286728,67.9414741868792,Be[+2],Passivation,Be[+2],Passivation
Be12W,mp-568827,0.0,-0.10411236923076801,0.0,13,108.99700267510038,4.448328426834965,C2/m,12,monoclinic,4.200750724261655,5.510283022788474,5.510285090669943,81.64097295190169,67.5812162661211,67.58122082050657,Be[+2],Passivation,Be[+2],Passivation
Be12V,mp-571438,0.0,-0.10248673076923001,0.0,13,108.05442886711029,2.444798580369198,I4/mmm,139,tetragonal,4.145260194013447,5.510277010761453,5.510344660029023,81.87163869955616,67.90332014063786,67.90346946620166,Be[+2],Passivation,Be[+2],Passivation
K7Be12(PO4)12,mp-1224221,0.0,-2.761035300081826,0.018981995569617,79,1235.5967522724707,2.044756610611931,I23,197,cubic,11.708453881017894,11.708453881017894,11.708453881017894,109.47122063449069,109.47122063449069,109.47122063449069,Be[+2],Passivation,Be[+2],Passivation
HoBe13,mp-1193889,0.0,-0.185222319285714,0.0,28,264.15473308003595,3.546552264175668,Fm-3c,226,cubic,7.2020776288616455,7.2020776288616455,7.2020776288616455,59.99999999999999,59.99999999999999,59.99999999999999,Be[+2],Passivation,Be[+2],Passivation
TmBe13,mp-1193090,0.0,-0.184453126428572,0.0,28,261.5610808899316,3.632558005157842,Fm-3c,226,cubic,7.178702845877335,7.1787028388062675,7.178703567071663,59.99493648631696,59.99494310065024,59.994933162352915,Be[+2],Passivation,Be[+2],Passivation
PaBe13,mp-1194288,0.0,-0.123569421785714,0.0,28,266.5838711996816,4.337772916616129,Fm-3c,226,cubic,7.224086808258686,7.224086808258686,7.224086808258686,59.99999999999999,59.99999999999999,59.99999999999999,Be[+2],Passivation,Be[+2],Passivation
YBe13,mp-1193534,0.0,-0.184163488928571,0.0,28,266.0108165558864,2.572659904033732,Fm-3c,226,cubic,7.218906741969614,7.218906741969614,7.218906741969614,60.00000000000001,60.00000000000001,60.00000000000001,Be[+2],Passivation,Be[+2],Passivation
SmBe13,mp-1208596,0.0,-0.174135961071429,0.0,28,271.4594533061546,3.272862244181979,Fm-3c,226,cubic,7.267861724330146,7.267861724330146,7.267861724330146,59.99999999999999,59.99999999999999,59.99999999999999,Be[+2],Passivation,Be[+2],Passivation
GdBe13,mp-1194291,0.0,-0.178286592500001,0.0,28,267.9662145742004,3.400919870954077,Fm-3c,226,cubic,7.236419544867225,7.236419544867225,7.236421708640198,60.00240546959302,60.00240546959302,60.00240876714786,Be[+2],Passivation,Be[+2],Passivation
EuBe13,mp-1194109,0.0,-0.102358811428572,0.0,28,274.2359418704394,3.259151221322786,Fm-3c,226,cubic,7.292556806425244,7.292556085174149,7.292535140657343,60.00009500629125,60.00010482124364,60.00017865791804,Be[+2],Passivation,Be[+2],Passivation
PrBe13,mp-1193529,0.0,-0.152060606904762,0.0,28,276.42860578553774,3.100465670780013,Fm-3c,226,cubic,7.311940696317514,7.311940696317514,7.311940696317514,60.00000000000001,60.00000000000001,60.00000000000001,Be[+2],Passivation,Be[+2],Passivation
ErBe13,mp-1193092,0.0,-0.186069606428571,0.0,28,262.7637616447935,3.594758611356091,Fm-3c,226,cubic,7.18941394038029,7.18941394038029,7.18941394038029,59.99999999999999,59.99999999999999,59.99999999999999,Be[+2],Passivation,Be[+2],Passivation
TbBe13,mp-12615,0.0,-0.18499040619047602,0.0,28,266.40204312111473,3.44177387454701,Fm-3c,226,cubic,7.222437050190237,7.222437292516875,7.22233654,60.00047081206447,60.000469680289825,60.001278361781274,Be[+2],Passivation,Be[+2],Passivation
ThBe13,mp-1562,0.0,-0.15703950785714102,0.0,28,277.0331682410536,4.186172442611998,Fm-3c,226,cubic,7.3172733426970105,7.31727314237279,7.31724026,60.00015317441116,60.00015408002594,59.99996870704511,Be[+2],Passivation,Be[+2],Passivation
UBe13,mp-1163,0.0,-0.058345204285714006,0.0,28,268.3387257569495,4.395954002490538,Fm-3c,226,cubic,7.239903654819449,7.2399038283689645,7.23990327,60.000002596925896,60.00000180396353,59.9999965395487,Be[+2],Passivation,Be[+2],Passivation
LaBe13,mp-1193251,0.0,-0.13642567500000102,0.0,28,281.8224667404923,3.017530916816448,Fm-3c,226,cubic,7.359193177680983,7.359193177680983,7.359193177680983,59.99999999999999,59.99999999999999,59.99999999999999,Be[+2],Passivation,Be[+2],Passivation
ZrBe13,mp-30445,0.0,-0.19806794892857102,0.0,28,250.47066813858683,2.76301462446757,Fm-3c,226,cubic,7.075502740966268,7.075500283769779,7.07546843,60.00014887747759,60.00016036541225,60.00036662629551,Be[+2],Passivation,Be[+2],Passivation
CaBe13,mp-1845,0.0,-0.09797634571428601,0.0,28,270.4289407140533,1.9309851064298271,Fm-3c,226,cubic,7.258653534448649,7.258652996615954,7.25858957,60.00028900702594,60.000291458052814,60.00058396549763,Be[+2],Passivation,Be[+2],Passivation
DyBe13,mp-31189,0.0,-0.18534650047619,0.0,28,265.30057438627364,3.500811433362262,Fm-3c,226,cubic,7.2124567339426875,7.212456200232763,7.21243325,60.00011467246688,60.00011709836415,60.00128297730309,Be[+2],Passivation,Be[+2],Passivation
SrBe13,mp-2080,0.0,-0.050535872142858006,0.0,28,282.71871934686544,2.405517947471442,Fm-3c,226,cubic,7.3669861308184315,7.366985719807552,7.36698627,60.00000206465872,60.00000391020707,60.00000073533155,Be[+2],Passivation,Be[+2],Passivation
PuBe13,mp-337,0.0,-0.081723463482142,0.0,28,268.817688636426,4.461890726123569,Ibam,72,orthorhombic,7.243216070263632,7.243216070876002,7.240802139999999,60.01102379874526,60.01102379594981,60.076620325689646,Be[+2],Passivation,Be[+2],Passivation
CeBe13,mp-457,0.0,-0.151077074285714,0.0,28,273.98222706724846,3.118553638684656,Fm-3c,226,cubic,7.289743118859267,7.289750518996583,7.29465979,59.977733947612286,59.977700315086615,59.985924694225766,Be[+2],Passivation,Be[+2],Passivation
BaBe13,mp-30425,0.0,0.038360302142856004,0.038360302142857,28,301.53492801577033,2.802878558061427,Fm-3c,226,cubic,7.526924492454646,7.526924573492837,7.52712069,59.99914711163299,59.999146734450406,59.998239142145486,Be[+2],Passivation,Be[+2],Passivation
NpBe13,mp-30442,0.0,-0.064021997410716,0.0,28,269.34080448519086,4.366912051297123,Ibam,72,orthorhombic,7.252052099889661,7.252052265402056,7.2579943700000005,59.97290127912089,59.97290055405482,59.77500764921284,Be[+2],Passivation,Be[+2],Passivation
HfBe13,mp-1878,0.0,-0.17547948321428603,0.0,28,247.0931058213738,3.973689675294766,Fm-3c,226,cubic,7.0435218394887835,7.043522664333481,7.043523740141988,60.000583270927166,60.00060577866766,60.0005968063289,Be[+2],Passivation,Be[+2],Passivation
ScBe13,mp-972891,0.0,-0.167263777142857,0.0,28,253.4345415118584,2.124391491915531,Fm-3c,226,cubic,7.103205427431088,7.103206141608974,7.103208291232908,60.00177222597047,60.00177555202595,60.00177225934959,Be[+2],Passivation,Be[+2],Passivation
MgBe13,mp-855,0.0,0.000521484642856,0.000521484642856,28,257.3556620593038,1.825531592008289,Fm-3c,226,cubic,7.139748469490087,7.139747252795873,7.1397074,60.000194004008115,60.00019964112612,60.00038678816178,Be[+2],Passivation,Be[+2],Passivation
LuBe13,mp-976039,0.0,-0.181110321904761,0.0,28,258.98760279041716,3.7460139200591263,Fm-3c,226,cubic,7.154808551899255,7.154808551899255,7.154732148814314,60.0003532434431,60.0003532434431,60.00068255471234,Be[+2],Passivation,Be[+2],Passivation
NdBe13,mp-973809,0.0,-0.162117655535714,0.0,28,274.65490678199234,3.160806590730806,Fm-3c,226,cubic,7.296268318170965,7.296268318170965,7.29619310303137,60.00034100891121,60.00034100891121,60.00067291198887,Be[+2],Passivation,Be[+2],Passivation
Zr6Be15Co8,mp-1207415,0.0,-0.30442866086206904,0.0,29,330.7000521393021,5.794523670933706,Fm-3m,225,cubic,7.762224986853924,7.762223968626275,7.762228324369918,59.999037630675765,59.999044682146895,59.999008641312294,Be[+2],Passivation,Be[+2],Passivation
Zr6Be15Pd8,mp-1207398,0.0,-0.47174585913793105,0.0,29,374.156802471261,6.807517121381128,Fm-3m,225,cubic,8.088499348859392,8.088501250945564,8.08849877611169,59.99641493055862,59.99641964367755,59.996413282385035,Be[+2],Passivation,Be[+2],Passivation
Ti6Be15Cu8,mp-1208242,0.0,-0.227755846379309,0.0,29,306.62901905889373,5.040459882933487,Fm-3m,225,cubic,7.568974316598217,7.568978488526622,7.568975469193744,60.001699048145284,60.001742623141794,60.00169265120823,Be[+2],Passivation,Be[+2],Passivation
Zr6Be15Ni8,mp-1207425,0.0,-0.38741353810344803,0.0,29,334.42096904247205,5.72052576085153,Fm-3m,225,cubic,7.791142160881319,7.7911354291849015,7.7911305218390705,60.000583996576395,60.0006302909097,60.00065538946617,Be[+2],Passivation,Be[+2],Passivation
Ta6Be15Ni8,mp-1208343,0.0,-0.406762036172415,0.0,29,300.57242630796395,9.338860022981429,Fm-3m,225,cubic,7.518776722459193,7.518772847444689,7.518773858630465,60.00232294581923,60.00234117558352,60.002331376078445,Be[+2],Passivation,Be[+2],Passivation
Zr6Be15Cu8,mp-1207422,0.0,-0.247027234310345,0.0,29,344.3470469695608,5.742831950430132,Fm-3m,225,cubic,7.867284953204839,7.86726637696175,7.867277372876654,60.003847618022476,60.00392910784258,60.003851361817226,Be[+2],Passivation,Be[+2],Passivation
Be15(Nb3Cu4)2,mp-1214241,0.0,-0.192389780517242,0.0,29,316.08591306968947,6.309326316679493,Fm-3m,225,cubic,7.64601131626513,7.646010503082037,7.646011174827431,60.001565802567335,60.00155188283495,60.001569534771306,Be[+2],Passivation,Be[+2],Passivation
Hf6Be15Co8,mp-1212451,0.0,-0.33060158155172303,0.031825735824588,29,322.33673788667176,8.642207250341711,Fm-3m,225,cubic,7.696218414172758,7.696213909915619,7.696216766613165,59.99929646826529,59.999292122385015,59.999278323939144,Be[+2],Passivation,Be[+2],Passivation
Hf6Be15Cu8,mp-1212455,0.0,-0.25383042362068703,0.0,29,334.9271149790617,8.500293673346018,Fm-3m,225,cubic,7.794953292310106,7.794952910470828,7.794950852752818,60.00253009622406,60.002526795259215,60.0025334865833,Be[+2],Passivation,Be[+2],Passivation
Be15(Nb3Ni4)2,mp-1214229,0.0,-0.38335245431034104,0.0,29,304.5898342103359,6.335817870181913,Fm-3m,225,cubic,7.552188619084831,7.552194565915562,7.552197288285504,60.001147987432866,60.00111388741493,60.00111323723903,Be[+2],Passivation,Be[+2],Passivation
Hf6Be15Pd8,mp-1212443,0.0,-0.48144289086206704,0.0,29,365.6282781231069,9.34427301290267,Fm-3m,225,cubic,8.026372325986191,8.026372587615498,8.026372262347266,59.99967908200293,59.99968091797528,59.99968295796128,Be[+2],Passivation,Be[+2],Passivation
Hf6Be15Ni8,mp-1212450,0.0,-0.41340117775862,0.0,29,325.3957901555202,8.551172036251627,Fm-3m,225,cubic,7.720532910953982,7.72053278366576,7.720531963437678,59.99849163024328,59.99848878231934,59.99849599310056,Be[+2],Passivation,Be[+2],Passivation
Ta6Be15Cu8,mp-30439,0.0,-0.199455715827586,0.0,29,312.3474070635095,9.193184275324517,Fm-3m,225,cubic,7.61560505897406,7.615603941712074,7.615603701309191,60.00404329039951,60.00404144705369,60.004043105662014,Be[+2],Passivation,Be[+2],Passivation
Hf2Be17,mp-1105643,0.0,-0.22629741236842102,0.0019026751754380002,19,175.70006487716364,4.82177170198779,R-3m,166,trigonal,5.640085374386265,5.640085374386265,5.640085348518926,82.99649303637658,82.99649303637658,82.99650892705125,Be[+2],Passivation,Be[+2],Passivation
Ta2Be17,mp-1189402,0.0,-0.18140817945614002,0.0,19,167.11090446156103,5.118447626982379,R-3m,166,trigonal,5.545818695143491,5.545818695143491,5.54581779690561,83.07347300100402,83.07347300100402,83.07347648453083,Be[+2],Passivation,Be[+2],Passivation
Ti2Be17,mp-12648,0.0,-0.198588641666666,0.00016821999999900003,19,167.10646689780756,2.473730786983482,R-3m,166,trigonal,5.547894311240194,5.5478957459212515,5.547896219062357,82.87583624401223,82.87584099762898,82.87584391102003,Be[+2],Passivation,Be[+2],Passivation
Zr2Be17,mp-2544,0.0,-0.23725090289473502,0.0,19,179.46799402304575,3.105670175478323,R-3m,166,trigonal,5.6810707211304345,5.68107159149008,5.681071338791548,82.9102363769982,82.91022990849355,82.9102463290682,Be[+2],Passivation,Be[+2],Passivation
Be17Nb2,mp-30441,0.0,-0.197799639210526,0.0,19,168.9843560186009,3.331407268599828,R-3m,166,trigonal,5.566687296152111,5.566704095914724,5.566703102362567,83.05184097897165,83.05187013394617,83.05139718425549,Be[+2],Passivation,Be[+2],Passivation
Hf2Be17,mp-1198059,0.0,-0.22718721026315702,0.001012877280702,38,351.44044544160425,4.821218569749939,P6_3/mmc,194,hexagonal,7.464506607371982,7.464506607371982,7.2831438,90.0,90.0,119.99999758364143,Be[+2],Passivation,Be[+2],Passivation
Ti2Be17,mp-1201649,0.0,-0.198756861666667,0.0,38,334.87388672459815,2.468848293382192,P6_3/mmc,194,hexagonal,7.16998013,7.34361350719093,7.34361350719093,119.99701207881276,90.0,90.0,Be[+2],Passivation,Be[+2],Passivation
Hf2Be17,mp-1212567,0.0,-0.228200087543859,0.0,114,1053.7599926081737,4.823786859274744,P6_3/mmc,194,hexagonal,7.476712408088531,7.476712408088531,21.766557,90.0,90.0,120.00000361106837,Be[+2],Passivation,Be[+2],Passivation
Sc2Be17,mp-1209010,0.0,-0.17443231210526203,0.002836349210526,38,359.9563906528677,2.243096506420121,P6_3/mmc,194,hexagonal,7.333554279999999,7.528394509547048,7.528394509547048,119.99999832630105,90.0,90.0,Be[+2],Passivation,Be[+2],Passivation
Be17Os3,mp-1199166,0.0,-0.272508576625,0.0,80,717.0978615975971,6.705134510412212,Im-3,204,cubic,9.766375978163861,9.766375978163861,9.766375978163861,109.47122063449069,109.47122063449069,109.47122063449069,Be[+2],Passivation,Be[+2],Passivation
Be17Ru3,mp-30443,0.0,-0.277945204875,0.0,80,715.8890873810998,4.234725342852341,Im-3,204,cubic,9.760884735354573,9.76088555563177,9.76088582000005,109.47123028348123,109.47122085166565,109.47121161910697,Be[+2],Passivation,Be[+2],Passivation
Be22W,mp-30444,0.0,-0.04122698,0.017619141739129002,46,387.23863341666697,3.2770762705374192,Fd-3m,227,cubic,8.1814684895478,8.181466884930826,8.18135182,60.00046927867372,60.00047576642058,60.000934464103274,Be[+2],Passivation,Be[+2],Passivation
Be22Mo,mp-30440,0.0,-0.052264163478261,0.019973116956521,46,387.58071716128796,2.520991693944908,Fd-3m,227,cubic,8.183876323961002,8.183876003384249,8.18381659,60.000236069815934,60.000237365594636,60.000493571727645,Be[+2],Passivation,Be[+2],Passivation
Be22Re,mp-569364,0.0,-0.0647649475,0.0,46,380.36737815200695,3.356942792386637,Fd-3m,227,cubic,8.132741716576858,8.13274113319376,8.132742220261362,60.000740622193625,60.0007395384095,60.00075165440326,Be[+2],Passivation,Be[+2],Passivation
U2Be25Cu,mp-1216830,0.0,-0.064858548035714,0.001794610151098,28,272.708339467945,4.6575775175501235,Fm-3,202,cubic,7.278908437285436,7.278910134359114,7.278907539267679,60.00149290128913,60.00148775987676,60.00146773920167,Be[+2],Passivation,Be[+2],Passivation
ThUBe26,mp-1217315,0.0,-0.10533224892857102,0.002360107142855,28,268.81312033484795,4.351188861579174,F432,209,cubic,7.244167551899942,7.244167551899942,7.244167551899942,59.99999999999999,59.99999999999999,59.99999999999999,Be[+2],Passivation,Be[+2],Passivation
LaCeBe26,mp-1222939,0.0,-0.141967527321428,0.0017838473214280002,28,275.3027563593812,3.096293513627058,F432,209,cubic,7.302000401319627,7.302000401319627,7.302000401319627,59.99999999999999,59.99999999999999,59.99999999999999,Be[+2],Passivation,Be[+2],Passivation
Be46Ir7,mp-1227597,0.0,-0.20539889528301802,0.038381455754716,53,498.9533691947701,5.85762265167089,P3m1,156,trigonal,4.17684758799169,4.17684758799169,33.02418,90.0,90.0,119.99999347396569,Be[+2],Passivation,Be[+2],Passivation
U4Be51B,mp-1216800,0.0,-0.08243835793154701,0.0,56,521.427374091381,4.530250071178025,R-3,148,trigonal,12.422514920728734,12.422514920728734,12.422515277411456,33.5459443341905,33.5459443341905,33.545949035156504,Be[+2],Passivation,Be[+2],Passivation
