formula,material_id,band_gap,formation_energy,energy_above_hull,nsites,volume,density,spacegroup_symbol,spacegroup_number,crystal_system,lattice_a,lattice_b,lattice_c,lattice_alpha,lattice_beta,lattice_gamma,category,analyzed_metal,stable_phase_pH2,region_pH2,stable_phase_pH5,region_pH5
AlFe2,mp-985579,0.0,-0.141337556666666,0.10022023166666501,3,37.79030358178945,6.093348966420929,P6/mmm,191,hexagonal,4.134922437631086,4.134922437631086,2.552202,90.0,90.0,120.00000700217227,bi-metallic metal,Al,Al[+3],Passivation,Al2O3(s),Passivation
AlFe2,mp-31184,0.0,-0.10484484166666601,0.136712946666666,6,75.27933028697036,6.117735277214223,Fd-3m,227,cubic,4.73947512478439,4.73947512478439,4.73947512478439,60.00000000000001,60.00000000000001,60.00000000000001,bi-metallic metal,Al,Al[+3],Passivation,Al2O3(s),Passivation
AlFe3,mp-1228919,0.0,-0.08600655999999901,0.11288661499999901,4,48.567402085535015,6.650598911513688,Cmmm,65,orthorhombic,2.5488547400673895,2.5488547400673895,7.7968252415125985,90.0,90.0,106.50002773293873,bi-metallic metal,Al,Al[+3],Passivation,Al2O3(s),Passivation
AlFe4,mp-1228952,0.0,-0.062807495999999,0.09630704400000101,5,59.77457445723904,6.955049356592048,Fmmm,69,orthorhombic,2.5278573083344718,2.5278573083344718,9.929623183590603,84.91262952407392,84.91262952407392,107.65935813972432,bi-metallic metal,Al,Al[+3],Passivation,Al2O3(s),Passivation
Al3Fe,mp-984873,0.0,-0.154061757499999,0.17269562333333302,8,109.43277322920537,4.151306674196288,P6_3/mmc,194,hexagonal,5.374975341187064,5.374975341187064,4.373849,90.0,90.0,119.99999189080673,bi-metallic metal,Al,Al[+3],Passivation,Al2O3(s),Passivation
AlFeO3,mp-1259818,1.360799999999999,-2.356194891999999,0.2106262885,20,197.90872811237276,4.390702550514783,P1,1,triclinic,4.982350366878467,5.001520929513841,7.943456491072195,91.03709340673778,89.68984124567314,90.23283035597139,bi-metallic oxide,Al,Al[+3],Passivation,Al2O3(s),Passivation
Al(FeO2)3,mp-1048821,1.3122999999999991,-2.012492827499999,0.124463439249998,40,448.57762946693947,4.301668671898146,P-3m1,164,trigonal,5.951085431795615,5.951085431795615,14.62563,90.0,90.0,119.99999368315235,bi-metallic oxide,Al,Al[+3],Passivation,Al2O3(s),Passivation
Al(FeO2)2,mp-1437358,0.0,-1.735850928571427,0.5372514328571381,14,147.36148887172232,4.567543729589038,R-3m,166,trigonal,5.9703514564676174,5.9703514564676174,5.970351150127436,59.090415152073604,59.090415152073604,59.090419190110346,bi-metallic oxide,Al,Al[+3],Passivation,Al2O3(s),Passivation
AlFeO3,mp-1398131,0.0,-2.301276629999999,0.26554455049999903,10,105.2782827603756,4.126959209953927,P6_3/mmc,194,hexagonal,3.1875995002139144,3.1875995002139144,11.964116,90.0,90.0,119.99998962680789,bi-metallic oxide,Al,Al[+3],Passivation,Al2O3(s),Passivation
AlFeO3,mp-1264966,0.6687000000000001,-2.3307735885,0.23604759199999903,20,197.55869509092068,4.398481964523095,P1,1,triclinic,4.974753428114494,4.9997173514073046,7.945401365495271,88.65856987291878,90.34331471233793,90.39421631063696,bi-metallic oxide,Al,Al[+3],Passivation,Al2O3(s),Passivation
AlFe3O,mp-1206753,0.0,0.542747052999999,1.73796890233333,5,69.61085155162793,5.021773651598028,Pm-3m,221,cubic,4.113634,4.113634,4.113634,90.0,90.0,90.0,bi-metallic oxide,Al,Al[+3],Passivation,Al2O3(s),Passivation
AlFeO3,mp-1421498,0.0,-1.162526192999999,1.4042949875000001,5,54.91632829150119,3.955828732210649,Pm-3m,221,cubic,3.801023,3.801023,3.801023,90.0,90.0,90.0,bi-metallic oxide,Al,Al[+3],Passivation,Al2O3(s),Passivation
Al(FeO2)2,mp-505623,0.0,-2.2173158007142852,0.05578656071428201,14,146.79497306754396,4.585170938852514,Fd-3m,227,cubic,5.921186320649098,5.921186320649098,5.921186320649098,59.99999999999999,59.99999999999999,59.99999999999999,bi-metallic oxide,Al,Al[+3],Passivation,Al2O3(s),Passivation
AlFeO3,mp-1254277,1.3295,-2.286588009499999,0.280233170999999,20,179.40360141259467,4.8435948356114125,Pnma,62,orthorhombic,4.886171,4.935838,7.438778,90.0,90.0,90.0,bi-metallic oxide,Al,Al[+3],Passivation,Al2O3(s),Passivation
AlFeO3,mp-776154,2.1089,-2.486505096999999,0.08031608349999901,20,182.98391243946458,4.748823793892831,Pnma,62,orthorhombic,4.868112000408064,5.121179000426171,7.339769000001363,89.99993521094116,89.99996084795562,89.99852010618645,bi-metallic oxide,Al,Al[+3],Passivation,Al2O3(s),Passivation
Al(FeO2)2,mp-1248448,0.0,-1.835487038571428,0.43761532285713806,14,148.08265829306112,4.545299579555693,I4_1/a,88,tetragonal,6.440642228365972,6.440642228365972,6.440642228365972,131.1841127766143,131.1841127766143,71.52072528260459,bi-metallic oxide,Al,Al[+3],Passivation,Al2O3(s),Passivation
Al2(FeO3)3,mp-1214939,0.0,-1.852280935714286,0.286000506249998,28,389.1147063124902,3.119465079068083,C2/m,12,monoclinic,5.493008699120455,5.493008699120455,15.07786207444046,88.9024673744725,88.9024673744725,121.13535191662498,bi-metallic oxide,Al,Al[+3],Passivation,Al2O3(s),Passivation
Al2FeO4,mp-34978,0.0,-2.837116017857142,0.066446484999999,42,420.71961499815285,4.115963792019576,P3m1,156,trigonal,5.825129514725402,5.825129514725402,14.316964,90.0,90.0,119.99999448844711,bi-metallic oxide,Al,Al[+3],Passivation,Al2O3(s),Passivation
Al2FeO4,mp-530395,0.0,-2.421558767321428,0.482003735535713,56,560.1493589435731,4.1219165907004784,R3m,160,trigonal,19.35845149604082,19.35845149604082,19.35845197010267,17.305429052465893,17.305429052465893,17.30543025487102,bi-metallic oxide,Al,Al[+3],Passivation,Al2O3(s),Passivation
Al2FeO4,mp-530513,0.043799999999999006,-2.7416413992857143,0.161921103571427,56,559.7142553939876,4.125120833798497,R3m,160,trigonal,5.812041364786201,5.812041419928881,23.37140859741863,60.17428620196149,60.17428589041135,60.00000409606892,bi-metallic oxide,Al,Al[+3],Passivation,Al2O3(s),Passivation
Al2Fe2O7,mp-1258020,0.0,-1.917318597727272,0.416155202727273,22,201.9244700103913,4.566527349206363,Fd-3m,227,cubic,6.585185044027389,6.585185044027389,6.585185044027389,59.99999999999999,59.99999999999999,59.99999999999999,bi-metallic oxide,Al,Al[+3],Passivation,Al2O3(s),Passivation
Al2(FeO3)3,mp-1265553,0.0,-1.9509585518750001,0.18732289008928402,112,1204.1251864500045,4.032237683433074,Pna2_1,33,orthorhombic,8.55695,9.281848,15.160663,90.0,90.0,90.0,bi-metallic oxide,Al,Al[+3],Passivation,Al2O3(s),Passivation
Al2FeO4,mp-36465,2.6289,-2.839391702857143,0.064170799999998,28,277.12477856264945,4.165793019078194,Imma,74,orthorhombic,5.705406483823217,5.875706279140236,8.266633634544172,89.99980236377311,90.00058431692088,89.99687305720686,bi-metallic oxide,Al,Al[+3],Passivation,Al2O3(s),Passivation
Al4(FeO4)3,mp-1360989,0.0,-2.311031379999999,0.16626836881578702,38,412.01088355745344,3.767985672687275,P1,1,triclinic,5.779478468103588,5.785690751800255,17.422222327169084,60.03168262899799,59.9799522772902,60.01166009543845,bi-metallic oxide,Al,Al[+3],Passivation,Al2O3(s),Passivation
Al4(FeO4)3,mp-1360164,0.0,-2.290809844473684,0.18648990434210302,38,409.26639146301756,3.7932533396796,C2/m,12,monoclinic,5.771744322606208,5.771744322606208,14.187612215377541,89.78017398426864,89.78017398426864,59.99000112578647,bi-metallic oxide,Al,Al[+3],Passivation,Al2O3(s),Passivation
Al4(FeO4)3,mp-1253012,0.0,-2.296935037105262,0.180364711710525,38,405.07786940616677,3.832475737347886,Cm,8,monoclinic,5.6941398800108525,5.6941398800108525,14.099181689851152,89.08106599442837,89.08106599442837,62.40787588083252,bi-metallic oxide,Al,Al[+3],Passivation,Al2O3(s),Passivation
Al4(FeO4)3,mp-1361586,0.0,-2.308164219473683,0.16913552934210402,38,410.38015443940384,3.782958531112259,P1,1,triclinic,5.784462322008244,5.783995391600602,17.38180622616939,59.95730451616315,59.99251087773008,59.78214941489181,bi-metallic oxide,Al,Al[+3],Passivation,Al2O3(s),Passivation
Al5(FeO4)3,mp-1356833,0.9984000000000001,-2.681699678749999,0.10005395862500001,40,400.05736014658765,4.104558664983901,C2/m,12,monoclinic,5.76317677564258,5.76317677564258,13.880211013763624,89.84828330761356,89.84828330761356,60.2004588904249,bi-metallic oxide,Al,Al[+3],Passivation,Al2O3(s),Passivation
Al5(FeO4)3,mp-1359741,2.0496,-2.71844733025,0.063306307124999,40,407.09384287796945,4.033612722982119,C2/m,12,monoclinic,5.777128655995467,5.777128655995467,14.090824332360757,89.92215570127676,89.92215570127676,59.95524325873386,bi-metallic oxide,Al,Al[+3],Passivation,Al2O3(s),Passivation
Al5(FeO4)3,mp-1251086,1.1491999999999991,-2.69449454875,0.08725908862500001,40,412.9442280845962,3.9764665356791653,Cm,8,monoclinic,5.780177593322285,5.780177593322285,14.273859148932814,89.90501486740744,89.90501486740744,59.98578932717271,bi-metallic oxide,Al,Al[+3],Passivation,Al2O3(s),Passivation
Al15Fe9O32,mp-801915,1.3242,-1.6046355303571431,1.22011945482142,56,562.1081746702067,4.192819011277528,P-1,2,triclinic,5.813369,5.850728514709343,19.308844024783696,98.34049476933212,90.05283041292837,119.75135302447535,bi-metallic oxide,Al,Al[+3],Passivation,Al2O3(s),Passivation
AlCo4,mp-1228933,0.0,-0.007462145000000001,0.215120306999999,5,57.43921278387617,7.594940255047482,R-3m,166,trigonal,10.084860649199372,10.084860649199372,10.084860542249357,14.690592954741321,14.690592954741321,14.690596838448021,bi-metallic metal,Al,Al[+3],Passivation,Al2O3(s),Passivation
AlCo3,mp-1080667,0.0,-0.178359348749998,0.099868716249999,8,91.1076286600527,7.428280633580205,P6_3/mmc,194,hexagonal,5.074362519616627,5.074362519616627,4.08565,90.0,90.0,120.00000677475421,bi-metallic metal,Al,Al[+3],Passivation,Al2O3(s),Passivation
AlCo3,mp-1018101,0.0,-0.15542592999999802,0.122802135,4,45.688740626500255,7.406343710362048,Pm-3m,221,cubic,3.574948,3.574948,3.574948,90.0,90.0,90.0,bi-metallic metal,Al,Al[+3],Passivation,Al2O3(s),Passivation
AlCoO3,mp-1248478,0.0,-2.090569429333334,0.250709234166665,30,300.83541597823785,4.43500291432238,P1,1,triclinic,5.290845536872249,5.545188294416791,11.855107909472693,89.68621860095634,90.13927045010156,120.12354714020687,bi-metallic oxide,Al,Al[+3],Passivation,Al2O3(s),Passivation
AlCoO3,mp-754022,0.8939,-2.225202081999999,0.11607658149999901,10,93.40382959355364,4.761424852352278,P1,1,triclinic,4.846808021306187,5.3661486677417916,4.936906816476892,87.08454333075647,59.72039374608445,115.95645442578115,bi-metallic oxide,Al,Al[+3],Passivation,Al2O3(s),Passivation
Al(CoO2)3,mp-1045074,0.0,-1.72016798275,0.065447495714295,40,414.35254086496457,4.80549522575397,C2/m,12,monoclinic,5.832662761684924,5.832662761684924,14.067194449381333,89.10006793705412,89.10006793705412,59.99304961068036,bi-metallic oxide,Al,Al[+3],Passivation,Al2O3(s),Passivation
Al(CoO2)2,mp-1391681,0.0,-1.714291212857143,0.37341280321429704,14,131.62629511535408,5.269405460680995,C2/c,15,monoclinic,6.140866055057462,6.140866055057462,5.155856303309956,65.30611056817543,65.30611056817543,107.32449110127034,bi-metallic oxide,Al,Al[+3],Passivation,Al2O3(s),Passivation
AlCoO3,mp-756947,0.827199999999999,-2.239631630499999,0.10164703299999901,20,199.73401558336542,4.453275664965529,C2/c,15,monoclinic,6.367889676634245,6.367889676634245,5.0302335988081115,82.35712921433348,82.35712921433348,84.50423859293147,bi-metallic oxide,Al,Al[+3],Passivation,Al2O3(s),Passivation
AlCoO3,mp-1348445,0.0,-2.102443903666667,0.23883475983333202,30,293.4346035604501,4.546859608260251,P6_3cm,185,hexagonal,5.414479802301325,5.414479802301325,11.557587999999999,90.0,90.0,119.99999758432213,bi-metallic oxide,Al,Al[+3],Passivation,Al2O3(s),Passivation
AlCoO3,mp-1386773,0.0,-2.084813790999999,0.256464872499999,10,96.91991245037583,4.588688787346288,P6_3/mmc,194,hexagonal,3.1517642678328595,3.1517642678328595,11.266135,90.0,90.0,120.00000562214608,bi-metallic oxide,Al,Al[+3],Passivation,Al2O3(s),Passivation
Al(CoO2)2,mp-1248269,0.040699999999999,-1.7472184935714292,0.340485522500011,14,132.8411954671624,5.221214065493013,P-1,2,triclinic,5.251331591526191,5.122337650696702,6.104773826396682,112.66114137428522,113.72819087562539,95.07133466790047,bi-metallic oxide,Al,Al[+3],Passivation,Al2O3(s),Passivation
AlCoO3,mp-1404938,0.025500000000000002,2.733328715,5.074607378499999,10,93.23909210681114,4.769837473558319,P-1,2,triclinic,4.859754,4.8772698169542545,5.186674642311103,116.1873906302567,89.94434657994104,118.68777878275336,bi-metallic oxide,Al,Al[+3],Passivation,Al2O3(s),Passivation
AlCoO3,mp-776216,0.3481,-2.236437595999999,0.10484106749999901,10,93.23907440412559,4.769838379175771,P1,1,triclinic,4.859753715111704,5.325595421680002,4.964776402484406,87.24563962871538,59.517775612876214,116.01965389664478,bi-metallic oxide,Al,Al[+3],Passivation,Al2O3(s),Passivation
AlCoO3,mp-1435808,0.0,-1.043343859,1.297934804499998,5,50.426713548382544,4.409719414937844,Pm-3m,221,cubic,3.694482,3.694482,3.694482,90.0,90.0,90.0,bi-metallic oxide,Al,Al[+3],Passivation,Al2O3(s),Passivation
Al(CoO2)2,mp-1442788,0.0,-1.953348585,0.13435543107144002,14,141.40468031817454,4.9050166988066,Fd-3m,227,cubic,5.847805607324683,5.847805607324683,5.847805607324683,59.99999999999999,59.99999999999999,59.99999999999999,bi-metallic oxide,Al,Al[+3],Passivation,Al2O3(s),Passivation
AlCoO3,mp-1378752,0.0,-2.159254788499999,0.182023874999999,20,171.3532126131805,5.190860547629025,Pnma,62,orthorhombic,4.769809,4.920832,7.300502,90.0,90.0,90.0,bi-metallic oxide,Al,Al[+3],Passivation,Al2O3(s),Passivation
Al2Co2O7,mp-1248317,0.5769000000000001,-1.9050070495454552,0.23747940500000003,22,197.16479718282196,4.780802161521417,P-1,2,triclinic,6.518883977790754,6.636524297906548,6.502442857977685,59.74891111272628,59.2827137798577,59.81123010960433,bi-metallic oxide,Al,Al[+3],Passivation,Al2O3(s),Passivation
Al2CoO4,mp-530284,0.011800000000000001,-2.807157129464286,0.07791267839284101,56,547.3043669673161,4.293613618438958,R3m,160,trigonal,19.217293336223236,19.217293336223236,19.217293664701543,17.294425695316495,17.294425695316495,17.294425928480045,bi-metallic oxide,Al,Al[+3],Passivation,Al2O3(s),Passivation
Al2CoO4,mp-530381,0.0307,-2.833668649642857,0.05140115821427001,56,547.8114145227678,4.289639502107008,R3m,160,trigonal,19.199130444450965,19.199130444450965,19.19913023989287,17.32776425465622,17.32776425465622,17.327762863891554,bi-metallic oxide,Al,Al[+3],Passivation,Al2O3(s),Passivation
Al2CoO4,mp-532212,0.0,-2.7983361075714273,0.0867337002857,70,685.0515603464229,4.287840542713413,R3m,160,trigonal,23.899534249716186,23.899534249716186,23.899533767899346,13.894352764740033,13.894352764740033,13.894350497213132,bi-metallic oxide,Al,Al[+3],Passivation,Al2O3(s),Passivation
Al2Co2O7,mp-1376528,0.0,-1.8439676822727271,0.29851877227272805,22,197.06208831151213,4.78329391829804,Fd-3m,227,cubic,6.5318974769971705,6.5318974769971705,6.5318974769971705,59.99999999999999,59.99999999999999,59.99999999999999,bi-metallic oxide,Al,Al[+3],Passivation,Al2O3(s),Passivation
Al4(CoO4)3,mp-1253319,0.0,-2.124343605526316,0.187098711315789,38,395.9129625278355,3.998908009436722,C2/m,12,monoclinic,5.70941301363888,5.70941301363888,13.966868559124375,89.66873536412885,89.66873536412885,60.414035507458266,bi-metallic oxide,Al,Al[+3],Passivation,Al2O3(s),Passivation
Al4(CoO4)3,mp-1358877,0.0,-2.137776631842104,0.17366568499999901,38,398.3487093937661,3.9744562478985612,Cm,8,monoclinic,5.751237223220148,5.751237223220148,13.909186887215549,89.70135017913243,89.70135017913243,59.98089100669251,bi-metallic oxide,Al,Al[+3],Passivation,Al2O3(s),Passivation
Al5(CoO4)3,mp-1252778,0.32080000000000003,-2.531957335249997,0.08063941437500001,40,400.6006403959258,4.175797904575559,C2/m,12,monoclinic,5.754125020774053,5.754125020774053,13.989961834222315,89.33604833307034,89.33604833307034,59.87343840672977,bi-metallic oxide,Al,Al[+3],Passivation,Al2O3(s),Passivation
Al5(CoO4)3,mp-1354911,0.019000000000000003,-2.530543446249999,0.08205330337499901,40,398.5317709056383,4.197475425699536,Cm,8,monoclinic,5.729490367873656,5.729490367873656,14.006323999132142,89.80522820999262,89.80522820999262,60.08687267443539,bi-metallic oxide,Al,Al[+3],Passivation,Al2O3(s),Passivation
AlNi,mp-1228854,0.0,-0.438242119999999,0.24665903,2,24.904996714431185,5.712371063731962,C2/m,12,monoclinic,2.690402454310693,2.690402454310693,4.111065907723324,73.61109423479431,73.61109423479431,62.44874857978633,bi-metallic metal,Al,Al[+3],Passivation,Al2O3(s),Passivation
AlNi3,mp-672232,0.0,-0.35436974749999905,0.072050029999999,4,43.99290677491564,7.664689028215815,Fm-3m,225,cubic,3.9623474409859054,3.962346396153532,3.9623788531622974,60.00346855215725,60.00346532582353,60.0042378051658,bi-metallic metal,Al,Al[+3],Passivation,Al2O3(s),Passivation
Al2Ni3,mp-1229048,0.0,-0.528356531,0.059224135000000004,10,114.43739000907519,6.67606712751837,P4/mmm,123,tetragonal,2.86914643,2.86914643,13.90152731,90.0,90.0,90.0,bi-metallic metal,Al,Al[+3],Passivation,Al2O3(s),Passivation
Al4Ni15,mp-1228713,0.0,-0.26948496421052304,0.089605374736843,19,221.0332010611085,7.424929117364063,P4/mmm,123,tetragonal,3.5752,3.5752,17.292462,90.0,90.0,90.0,bi-metallic metal,Al,Al[+3],Passivation,Al2O3(s),Passivation
Al(NiO2)3,mp-1045119,0.0,-1.53839788525,0.053165844583335,40,410.91717476878716,4.834042019386516,C2/m,12,monoclinic,17.447946602307045,5.75787892647579,5.757879262593997,59.96879093671837,60.323040597420594,60.323048066936835,bi-metallic oxide,Al,Al[+3],Passivation,Al2O3(s),Passivation
AlNiO3,mp-1333178,0.0,-1.846172374333333,0.359988354,30,279.6365120675449,4.762671379910232,P6_3cm,185,hexagonal,5.4107383799930675,5.4107383799930675,11.029357,90.0,90.0,120.00000464634157,bi-metallic oxide,Al,Al[+3],Passivation,Al2O3(s),Passivation
AlNiO3,mp-1400395,0.0,-1.835644731,0.370515997333332,10,93.4651059583781,4.749782638649847,P6_3/mmc,194,hexagonal,3.110613354492808,3.110613354492808,11.1539,90.0,90.0,119.99998627074193,bi-metallic oxide,Al,Al[+3],Passivation,Al2O3(s),Passivation
AlNiO3,mp-1183176,0.0,-1.386456107,0.8197046213333331,5,48.94206694176443,4.53535133823537,Pm-3m,221,cubic,3.657863,3.657863,3.657863,90.0,90.0,90.0,bi-metallic oxide,Al,Al[+3],Passivation,Al2O3(s),Passivation
AlNiO3,mp-1416557,0.0,-0.8944861109999991,1.311674617333333,5,49.00876957089664,4.529178568321998,Pm-3m,221,cubic,3.659524,3.659524,3.659524,90.0,90.0,90.0,bi-metallic oxide,Al,Al[+3],Passivation,Al2O3(s),Passivation
AlNiO3,mp-1376903,0.0,-2.013076565499999,0.19308416283333402,20,178.30148622464873,4.979643714706197,Pnma,62,orthorhombic,4.563563002120821,4.8811480487610694,8.004403085971182,89.98369007659764,90.00054051558257,90.00336501046363,bi-metallic oxide,Al,Al[+3],Passivation,Al2O3(s),Passivation
Al(NiO2)2,mp-1045504,0.1428,-1.822191542142856,0.10255423928571501,14,137.21152662557895,5.043304884118615,Imma,74,orthorhombic,5.786178204993518,5.78626936911392,5.794303561450246,120.00934191338037,120.04545188650104,89.87465538771761,bi-metallic oxide,Al,Al[+3],Passivation,Al2O3(s),Passivation
Al(NiO2)2,mp-1406186,0.0,-1.516698897142855,0.408046884285715,14,126.70364848185038,5.461559873607578,I4_1/a,88,tetragonal,6.042025729320093,6.042025729320093,6.042025729320093,129.8931561322857,129.8931561322857,73.57762994949569,bi-metallic oxide,Al,Al[+3],Passivation,Al2O3(s),Passivation
Al2NiO4,mp-532510,0.0,-2.636834274693876,0.16590721887755303,98,937.4360163138684,4.380857870871262,P1,1,triclinic,5.694254,5.738363329868282,33.16002102815854,85.09214718878087,85.21145264369667,60.38187647567805,bi-metallic oxide,Al,Al[+3],Passivation,Al2O3(s),Passivation
Al2Ni2O7,mp-1248873,1.0073,-1.726363709090908,0.27923695303030505,22,192.5331149251064,4.887539128277808,Fd-3m,227,cubic,6.48146944979007,6.48146944979007,6.48146944979007,59.99999999999999,59.99999999999999,59.99999999999999,bi-metallic oxide,Al,Al[+3],Passivation,Al2O3(s),Passivation
Al4(NiO4)3,mp-1362289,0.0,-2.031542330789473,0.16218386596491502,38,392.97217526157567,4.022753982638276,C2/m,12,monoclinic,5.674759293482852,5.674759293482852,13.9732575207663,88.7251261323452,88.7251261323452,60.8800198752949,bi-metallic oxide,Al,Al[+3],Passivation,Al2O3(s),Passivation
Al4(NiO4)3,mp-1248275,0.0,-2.037278010263156,0.15644818649123102,38,394.84410515805223,4.003682370961925,P-1,2,triclinic,5.724449894640444,5.629359846969192,17.325803151527435,60.29585345217776,58.68247000510003,61.16535991221312,bi-metallic oxide,Al,Al[+3],Passivation,Al2O3(s),Passivation
Al5(NiO4)3,mp-1260352,0.0,-2.3832602985,0.130198929083332,40,394.94826224014037,4.229511408581425,P1,1,triclinic,5.680744,5.697028030277717,14.07997630047409,89.20318576034009,91.75302270254888,119.87218828467347,bi-metallic oxide,Al,Al[+3],Passivation,Al2O3(s),Passivation
Al5(NiO4)3,mp-1380716,0.0,-2.418400280249999,0.095058947333333,40,391.13204668549116,4.270778104478049,C2/m,12,monoclinic,5.671117804027879,5.671117804027879,13.865726253125654,88.7347538789329,88.7347538789329,61.32763411345709,bi-metallic oxide,Al,Al[+3],Passivation,Al2O3(s),Passivation
AlCu,mp-1022721,0.0,-0.168422851999999,0.074061238,2,26.932798830272144,5.581466500966712,Pm-3m,221,cubic,2.997509,2.997509,2.997509,90.0,90.0,90.0,bi-metallic metal,Al,Al[+3],Passivation,Al2O3(s),Passivation
Al2Cu,mp-12794,0.0,-0.05815897999999901,0.15449800333333302,3,48.72590799930771,4.004613179778768,P4/mmm,123,tetragonal,4.105182,4.105182,2.891313,90.0,90.0,90.0,bi-metallic metal,Al,Al[+3],Passivation,Al2O3(s),Passivation
Al3Cu,mp-985825,0.0,-0.103018489999999,0.056474247499999006,4,57.99999359085728,4.136764462174224,P4/mmm,123,tetragonal,2.7784054293798315,2.7784054293798315,7.5134034100000004,90.0,90.0,90.0,bi-metallic metal,Al,Al[+3],Passivation,Al2O3(s),Passivation
Al3Cu,mp-1183161,0.0,-0.06324690249999901,0.096245834999999,4,60.42784848494482,3.9705585803335133,Pm-3m,221,cubic,3.924151,3.924151,3.924151,90.0,90.0,90.0,bi-metallic metal,Al,Al[+3],Passivation,Al2O3(s),Passivation
Al4Cu15,mp-1228752,0.0,-0.10831318631579101,0.061765575789472005,19,240.35948236996686,7.33078974545888,P4/mmm,123,tetragonal,3.60877,3.60877,18.456224,90.0,90.0,90.0,bi-metallic metal,Al,Al[+3],Passivation,Al2O3(s),Passivation
Al(CuO2)3,mp-1394351,0.0,-0.843183305,0.6523625706875,10,132.88330959211115,3.919013753888647,C2/m,12,monoclinic,5.899477693311926,5.899477693311926,9.341403343471365,61.75150837668249,61.75150837668249,27.916052881032787,bi-metallic oxide,Al,Al[+3],Passivation,Al2O3(s),Passivation
AlCuO3,mp-776172,0.35000000000000003,-2.055902871,0.083311382125,20,198.42876062512912,4.636977017852498,P2_1/c,14,monoclinic,6.781667,4.709123,6.232749402688512,85.48211893465769,90.0,90.0,bi-metallic oxide,Al,Al[+3],Passivation,Al2O3(s),Passivation
AlCuO3,mp-1178579,0.13490000000000002,-2.029827841999999,0.10938641112500001,10,93.92117845950877,4.8983073774801245,R-3,148,trigonal,5.287445212571379,5.287445212571379,5.287445410575602,55.62803880883489,55.62803880883489,55.62803469396067,bi-metallic oxide,Al,Al[+3],Passivation,Al2O3(s),Passivation
AlCuO3,mp-1253258,0.0,-1.9731494203333342,0.166064832791666,30,289.82739014121466,4.762021986179602,P6_3cm,185,hexagonal,5.648616041375887,5.648616041375887,10.488773,90.0,90.0,120.00000048461546,bi-metallic oxide,Al,Al[+3],Passivation,Al2O3(s),Passivation
AlCuO3,mp-1412082,0.0,-1.937878284,0.20133596912499901,10,97.00166525182577,4.742751582207296,P6_3/mmc,194,hexagonal,3.1582363402210736,3.1582363402210736,11.229472,90.0,90.0,120.00000712702985,bi-metallic oxide,Al,Al[+3],Passivation,Al2O3(s),Passivation
AlCu7O12,mp-1045627,0.0,-0.9481102465000001,0.22560144046875003,20,189.59245948622333,5.813837509668662,Im-3,204,cubic,6.268269355931267,6.268269355931267,6.268269355931267,109.47122063449069,109.47122063449069,109.47122063449069,bi-metallic oxide,Al,Al[+3],Passivation,Al2O3(s),Passivation
AlCuO3,mp-1504314,0.0,-0.848998753,1.290215500125,5,50.618016416915935,4.544378009211107,Pm-3m,221,cubic,3.699148,3.699148,3.699148,90.0,90.0,90.0,bi-metallic oxide,Al,Al[+3],Passivation,Al2O3(s),Passivation
Al(CuO2)2,mp-1401503,0.0,-1.667530472142856,0.12984969223214402,14,140.22296477876887,5.164855065139388,Fd-3m,227,cubic,5.831470026465711,5.831470026465711,5.831470026465711,59.99999999999999,59.99999999999999,59.99999999999999,bi-metallic oxide,Al,Al[+3],Passivation,Al2O3(s),Passivation
Al(CuO2)3,mp-1337126,0.0,-0.7630633865,0.732482489187501,20,267.3008587682728,3.896519602319659,P2_1,4,monoclinic,11.228881,2.855503,8.452630679648141,80.4894946046811,90.0,90.0,bi-metallic oxide,Al,Al[+3],Passivation,Al2O3(s),Passivation
Al(CuO2)3,mvc-11882,0.0,-0.851528898499999,0.6440169771875011,20,267.27543719784006,3.896890214930198,P1,1,triclinic,9.358254958049601,2.855503046300544,11.228881288723185,90.55939343949008,90.24311297569177,117.02445850061417,bi-metallic oxide,Al,Al[+3],Passivation,Al2O3(s),Passivation
AlCuO3,mp-1347317,0.0,-1.957653834499999,0.18156041862500003,20,193.4519105341512,4.756270435164536,Pnma,62,orthorhombic,4.563595,4.870815,8.702906,90.0,90.0,90.0,bi-metallic oxide,Al,Al[+3],Passivation,Al2O3(s),Passivation
Al(CuO2)2,mp-1252148,0.0,-1.618746965714285,0.178633198660715,14,132.4408573145777,5.468337373913772,I4_1/a,88,tetragonal,6.115858184734093,6.115858184734093,6.115858184734093,129.59943603233793,129.59943603233793,74.04794896076821,bi-metallic oxide,Al,Al[+3],Passivation,Al2O3(s),Passivation
Al2(CuO2)3,mp-1048148,0.0,-1.7556627227272732,0.316112249545456,11,125.0014282241083,4.524551638418188,C2/m,12,monoclinic,5.891971539232772,5.891971539232772,8.830729106976445,60.350306583721526,60.350306583721526,28.3002813157458,bi-metallic oxide,Al,Al[+3],Passivation,Al2O3(s),Passivation
Al2CuO4,mp-34728,0.0,-2.6576012366666673,0.059305181190476,42,406.1546761704925,4.452475069564431,P3m1,156,trigonal,5.74969530714698,5.74969530714698,14.186365,90.0,90.0,119.99999202761445,bi-metallic oxide,Al,Al[+3],Passivation,Al2O3(s),Passivation
Al2CuO4,mp-531283,0.0,-2.654581983035714,0.062324434821429006,56,541.5951931776546,4.452017774692329,R3m,160,trigonal,19.215431144187264,19.215431144187264,19.215430677588913,17.204431460818107,17.204431460818107,17.204432465195282,bi-metallic oxide,Al,Al[+3],Passivation,Al2O3(s),Passivation
Al2CuO4,mp-27719,0.0,-2.653946341428571,0.062960076428572,14,131.00854748787663,4.60121013657138,Fd-3m,227,cubic,5.700834245365215,5.700831422283311,5.700830600000433,59.999977234554855,59.99998966312059,59.99999672783858,bi-metallic oxide,Al,Al[+3],Passivation,Al2O3(s),Passivation
Al2(CuO2)3,mp-1329157,0.0,-1.75783324409091,0.31394172818182003,22,249.1807986749095,4.539478321633228,P2_1,4,monoclinic,11.339832,2.865373,7.799513000086929,79.49514631292385,90.0,90.0,bi-metallic oxide,Al,Al[+3],Passivation,Al2O3(s),Passivation
Al2CuO4,mp-752645,0.0,-2.621128179285714,0.095778238571429,14,134.71504489128992,4.474614228612302,Imma,74,orthorhombic,5.822229128685077,5.822229128685077,5.822229128685077,122.65032849695545,121.64120533549648,86.32431034029388,bi-metallic oxide,Al,Al[+3],Passivation,Al2O3(s),Passivation
Al2CuO4,mp-530977,0.0,-2.65944566125,0.057460756607143004,56,541.8150113818406,4.450211559412798,Cm,8,monoclinic,5.749624850338064,5.749624850338064,19.240409817852065,80.98534828865903,80.98534828865903,60.01260200807851,bi-metallic oxide,Al,Al[+3],Passivation,Al2O3(s),Passivation
Al2CuO4,mp-532426,0.0,-2.644029318285715,0.072877099571428,70,676.5503128539888,4.454937387700279,Cm,8,monoclinic,5.773059433493908,5.773059433493908,23.711768816122174,83.4531117837527,83.4531117837527,59.722683730574914,bi-metallic oxide,Al,Al[+3],Passivation,Al2O3(s),Passivation
Al4Cu2O7,mp-29225,0.0,-2.388443480384614,0.417229591153827,13,152.30469139342685,3.783404323692552,F-43m,216,cubic,5.994359144579844,5.994359144579844,5.994359144579844,59.99999999999999,59.99999999999999,59.99999999999999,bi-metallic oxide,Al,Al[+3],Passivation,Al2O3(s),Passivation
Al5(CuO4)3,mp-1248380,0.0,-2.308133105999999,0.152915335843751,40,410.5015686457721,4.187038256301395,C2/m,12,monoclinic,5.794392410285396,5.794392410285396,14.165144914861301,89.69949515713675,89.69949515713675,59.67204847154522,bi-metallic oxide,Al,Al[+3],Passivation,Al2O3(s),Passivation
Al5(CuO4)3,mp-1362276,0.0,-2.3329679725,0.12808046934375,40,406.94163655528536,4.223666535429766,Cm,8,monoclinic,5.760615967000924,5.760615967000924,14.14933789180038,89.77553132852637,89.77553132852637,60.07597533008342,bi-metallic oxide,Al,Al[+3],Passivation,Al2O3(s),Passivation
Al10(Cu2O7)3,mp-1358345,0.0,-2.297559487972973,0.323449012297298,37,438.6898554246398,3.736313629542478,Cm,8,monoclinic,6.004951042806262,6.004951042806262,14.353509074547171,85.64385878204502,85.64385878204502,58.29917246526801,bi-metallic oxide,Al,Al[+3],Passivation,Al2O3(s),Passivation
Al2ZnO4,mp-34210,3.030299999999999,-2.893775984285713,0.12729664428571502,14,137.02858614619169,4.444218847818766,Imma,74,orthorhombic,5.794914420015795,5.794914420015795,5.794914420015795,120.9634944702286,119.55896162411737,89.55246995162584,bi-metallic oxide,Al,Al[+3],Passivation,Al2O3(s),Passivation
Al24Zn3O40,mp-531864,0.0,-3.194382054179105,0.053936163134326004,67,649.5463870647246,3.793172238824613,Cm,8,monoclinic,5.694245547315992,5.694245547315992,23.288012166300586,82.9489595362712,82.9489595362712,60.34456557861429,bi-metallic oxide,Al,Al[+3],Passivation,Al2O3(s),Passivation
YAl3,mp-11232,0.0,0.472421888749998,0.946942001249999,8,235.83163885416042,2.391904116949502,P6_3/mmc,194,hexagonal,7.972052387727768,7.972052387727768,4.284806,90.0,90.0,120.00000321772376,bi-metallic metal,Y,Y[+3],Passivation,Y[+3],Passivation
Y3Al,mp-30338,0.0,-0.18167205500000302,0.07052767812499901,4,110.10941936304557,4.429219709506468,Pm-3m,221,cubic,4.79300839,4.79300734,4.79300839,90.0,90.0,90.0,bi-metallic metal,Y,Y[+3],Passivation,Y[+3],Passivation
Y4Al,mp-1207806,0.0,0.44887811533333405,0.650637901833334,10,350.1739116408206,3.628656656016474,Fd-3m,227,cubic,7.9116353411467335,7.9116353411467335,7.9116353411467335,59.99999999999999,59.99999999999999,59.99999999999999,bi-metallic metal,Y,Y[+3],Passivation,Y[+3],Passivation
YAl3O6,mp-768572,4.311599999999999,-3.5086665855,0.083766724666665,20,265.17950377464143,3.329436099776594,C2/c,15,monoclinic,7.272666053668972,7.272666053668972,5.88754684272533,67.4064978287204,67.4064978287204,79.32451439421598,bi-metallic oxide,Y,Y[+3],Passivation,Y[+3],Passivation
YAlO3,mp-7964,3.4964999999999993,-3.628848293,0.102225660549997,10,121.03513647008225,4.496849927381268,P6_3/mmc,194,hexagonal,3.488568423634113,3.488568423634113,11.48382,90.0,90.0,120.00000803407112,bi-metallic oxide,Y,Y[+3],Passivation,Y[+3],Passivation
YAlO3,mp-756705,4.3247,-3.6706364266666682,0.060437526883330005,30,397.1641799747765,4.11122305652517,Cmcm,63,orthorhombic,6.738056422380121,6.738056422380121,10.118139,90.0,90.0,120.16636273898465,bi-metallic oxide,Y,Y[+3],Passivation,Y[+3],Passivation
Y3AlO6,mp-1101169,4.7324,-3.790336349499999,0.052136588649997005,20,268.73387738771476,4.815950926532923,R-3,148,trigonal,6.458712988006976,6.458712988006976,6.458712899894064,92.3370319147525,92.3370319147525,92.33703203577478,bi-metallic oxide,Y,Y[+3],Passivation,Y[+3],Passivation
